id,first_name,last_name,email,phone_number,is_cell,city,state,date_of_birth,likely_voter
1,Fernandina,Comberbach,fcomberbach0@ihg.com,312-355-6876,true,Chicago,IL,7/10/1951,0.6
2,Noreen,Hunnawill,nhunnawill1@bravesites.com,949-863-1367,true,Irvine,CA,2/4/1981,0.115
3,Ezmeralda,Climie,eclimie2@webnode.com,617-637-9682,true,Boston,MA,10/18/1991,0.698
4,Emelyne,Sheather,esheather3@globo.com,646-657-4016,false,New York City,NY,9/13/1971,0.869
5,Hilly,Sprankling,hsprankling4@nifty.com,239-773-6276,false,Naples,FL,3/14/1970,0.129
6,Artemas,Blaschek,ablaschek5@prweb.com,214-458-3525,false,Dallas,TX,6/25/1970,0.408
7,Bayard,Mingardi,bmingardi6@ovh.net,615-409-4551,false,Nashville,TN,9/4/1981,0.904
8,Corenda,Dillingham,cdillingham7@mashable.com,617-867-8603,true,Boston,MA,2/27/2000,0.574
9,Mylo,Churn,mchurn8@gmpg.org,727-976-5771,true,Saint Petersburg,FL,3/6/1964,0.07
10,Joann,Wille,jwille9@amazon.de,312-690-1499,false,Chicago,IL,2/19/1964,0.611
11,Valentina,Ellacott,vellacotta@networksolutions.com,804-853-3938,true,Richmond,VA,10/15/1967,0.605
12,Lucita,Cashmore,lcashmoreb@noaa.gov,530-958-7269,true,Chico,CA,1/3/1952,0.423
13,Gilberte,Edmans,gedmansc@addtoany.com,304-746-0116,false,Charleston,WV,9/16/1963,0.361
14,Rori,Fesby,rfesbyd@1und1.de,916-302-2762,false,Sacramento,CA,8/19/1970,0.675
15,Lillis,Wiggans,lwigganse@springer.com,501-213-9053,true,Little Rock,AR,1/10/1962,0.943
16,Martin,Trittam,mtrittamf@usda.gov,404-362-6085,false,Atlanta,GA,5/13/1980,0.571
17,Gil,Mertsching,gmertschingg@mit.edu,425-607-4198,true,Seattle,WA,7/30/1948,0.006
18,Eileen,Jellico,ejellicoh@soundcloud.com,310-497-7639,false,Los Angeles,CA,11/25/1957,0.735
19,Foster,Gabbatt,fgabbatti@meetup.com,786-721-1000,true,Miami,FL,7/4/1993,0.172
20,Malina,Biset,mbisetj@example.com,816-925-0855,true,Kansas City,MO,9/20/1983,0.514
21,Jordanna,Moncrefe,jmoncrefek@miitbeian.gov.cn,770-648-9225,true,Atlanta,GA,7/7/1991,0.444
22,Sigvard,Enticott,senticottl@ted.com,330-970-6634,true,Akron,OH,3/1/1964,0.647
23,Toddy,Joy,tjoym@japanpost.jp,202-703-0288,true,Washington,DC,11/8/1949,0.01
24,Katina,De Meyer,kdemeyern@springer.com,718-591-2919,true,Jamaica,NY,3/6/1959,0.383
25,Greg,Stocky,gstockyo@geocities.jp,915-662-5693,false,El Paso,TX,3/29/1950,0.475
26,Julina,Venditto,jvendittop@telegraph.co.uk,251-760-3029,false,Mobile,AL,8/2/1967,0.769
27,Jinny,Peddersen,jpeddersenq@51.la,251-798-5782,true,Mobile,AL,7/17/1972,0.117
28,Ginelle,Adamovitch,gadamovitchr@abc.net.au,909-243-0717,true,Pomona,CA,2/21/1954,0.807
29,Brian,Paulisch,bpaulischs@plala.or.jp,616-875-5116,false,Grand Rapids,MI,5/5/1954,0.519
30,Matelda,Revening,mreveningt@angelfire.com,251-387-9408,true,Mobile,AL,2/28/1971,0.828
31,Ted,Eccleshall,teccleshallu@opera.com,415-850-8429,false,San Rafael,CA,9/8/1948,0.687
32,Bennett,Butte,bbuttev@google.com,404-892-3782,false,Atlanta,GA,11/10/1982,0.841
33,Gunter,Peirpoint,gpeirpointw@weather.com,361-919-2754,true,Corpus Christi,TX,5/4/1970,0.025
34,Marybelle,Westphalen,mwestphalenx@cargocollective.com,216-966-1887,true,Cleveland,OH,7/6/1984,0.76
35,Shelley,Orrock,sorrocky@geocities.jp,320-701-0579,false,Saint Cloud,MN,6/11/1982,0.335
36,Lucie,Matityahu,lmatityahuz@linkedin.com,212-318-0855,true,New York City,NY,5/22/1990,0.743
37,Carol-jean,Brundall,cbrundall10@foxnews.com,352-160-4887,true,Brooksville,FL,2/3/1948,0.486
38,Adelle,Furlow,afurlow11@loc.gov,707-298-3451,true,Santa Rosa,CA,1/24/1963,0.736
39,Melisenda,McKirton,mmckirton12@msu.edu,585-540-7121,false,Rochester,NY,12/25/1964,0.77
40,Ursala,Sheards,usheards13@ebay.com,302-102-6283,true,Newark,DE,4/15/1962,0.653
41,Nadia,Lavarack,nlavarack14@wikimedia.org,724-287-2376,true,Pittsburgh,PA,10/30/1975,0.101
42,Pyotr,Bodleigh,pbodleigh15@biblegateway.com,770-903-7043,true,Decatur,GA,11/25/1969,0.038
43,Debby,Goudman,dgoudman16@nature.com,727-268-1355,false,Saint Petersburg,FL,4/6/1972,0.174
44,Angy,Pike,apike17@arstechnica.com,832-683-9334,false,Houston,TX,4/13/1983,0.199
45,Karlens,Wissbey,kwissbey18@1688.com,571-437-6815,false,Alexandria,VA,2/27/1956,0.904
46,Sunshine,Isbell,sisbell19@a8.net,508-820-5062,true,Worcester,MA,5/27/1951,0.614
47,Worden,Dafydd,wdafydd1a@dailymail.co.uk,415-579-6302,false,Oakland,CA,12/2/1985,0.329
48,Ki,Oats,koats1b@spiegel.de,314-590-3887,false,Saint Louis,MO,4/30/2002,0.076
49,Erny,Dicke,edicke1c@cloudflare.com,570-529-4505,false,Wilkes Barre,PA,4/7/1980,0.391
50,Frazier,Harty,fharty1d@geocities.com,260-835-4908,true,Fort Wayne,IN,5/18/1998,0.806
51,Filmore,Rowet,frowet1e@hibu.com,540-705-3044,true,Roanoke,VA,3/22/2000,0.234
52,Tilda,Goudge,tgoudge1f@fastcompany.com,915-529-5640,false,El Paso,TX,2/5/1961,0.093
53,Jacquie,Slayny,jslayny1g@tripadvisor.com,304-251-7799,true,Huntington,WV,7/7/1966,0.99
54,Del,Magister,dmagister1h@weebly.com,678-421-5576,false,Decatur,GA,4/19/1991,0.149
55,Dione,Fitchen,dfitchen1i@rakuten.co.jp,515-721-5805,true,Des Moines,IA,3/22/1964,0.575
56,Laina,Laidler,llaidler1j@xing.com,513-339-1790,true,Cincinnati,OH,5/8/1999,0.188
57,Tally,Brunner,tbrunner1k@gizmodo.com,830-821-5679,true,San Antonio,TX,2/1/1992,0.357
58,Jerrold,Wesgate,jwesgate1l@webmd.com,916-680-9554,false,Sacramento,CA,1/1/1972,0.337
59,Desmond,Shoreson,dshoreson1m@blogspot.com,801-927-4210,false,Ogden,UT,6/22/1999,0.267
60,Gill,Dwelly,gdwelly1n@skyrock.com,212-927-5233,false,New York City,NY,4/7/1986,0.293
61,Belvia,Saintsbury,bsaintsbury1o@epa.gov,203-763-2848,true,Norwalk,CT,8/8/1970,0.385
62,Pate,Alphonso,palphonso1p@amazon.co.jp,915-317-1835,false,El Paso,TX,6/21/1990,0.127
63,Barbabra,Rymer,brymer1q@wsj.com,205-784-2462,true,Tuscaloosa,AL,12/15/1987,1.0
64,Eugenio,Roffe,eroffe1r@hibu.com,510-238-1628,true,Oakland,CA,6/24/1953,0.356
65,Lazarus,Heaviside,lheaviside1s@springer.com,757-684-8710,false,Virginia Beach,VA,12/30/1991,0.337
66,Ernesto,Sturt,esturt1t@upenn.edu,717-573-5941,false,Harrisburg,PA,10/8/1975,0.363
67,Kyrstin,Saile,ksaile1u@twitter.com,716-895-1510,true,Buffalo,NY,3/25/1975,0.528
68,Cortie,Flagg,cflagg1v@alibaba.com,203-621-2507,true,Danbury,CT,5/16/1973,0.938
69,Jeannine,Colleer,jcolleer1w@merriam-webster.com,313-587-4507,true,Detroit,MI,7/16/1994,0.36
70,Garry,Puve,gpuve1x@i2i.jp,713-621-6477,true,Houston,TX,3/8/1980,0.275
71,Doria,Losel,dlosel1y@biglobe.ne.jp,502-305-0252,false,Louisville,KY,5/5/1983,0.638
72,Benedikta,Cranmer,bcranmer1z@ibm.com,760-417-2886,true,Orange,CA,10/1/1983,0.668
73,Tonya,Vasilik,tvasilik20@independent.co.uk,716-817-2613,true,Buffalo,NY,6/10/1984,0.19
74,Hermy,Whitmell,hwhitmell21@disqus.com,513-736-0569,true,Cincinnati,OH,3/28/1968,0.823
75,Misha,Peirone,mpeirone22@comcast.net,801-658-7171,false,Salt Lake City,UT,4/12/1991,0.136
76,Gasper,Hallad,ghallad23@miitbeian.gov.cn,785-670-0269,false,Topeka,KS,4/25/1953,0.407
77,Robenia,Widdison,rwiddison24@wikipedia.org,205-494-5834,true,Birmingham,AL,9/17/1968,0.725
78,Rene,Luty,rluty25@businesswire.com,203-527-7771,false,New Haven,CT,9/29/1973,0.599
79,Gilda,Balog,gbalog26@howstuffworks.com,661-836-0502,false,Burbank,CA,12/22/1994,0.445
80,Portia,Todhunter,ptodhunter27@shop-pro.jp,318-664-6220,true,Shreveport,LA,5/31/1979,0.557
81,Wendi,Crace,wcrace28@twitter.com,602-346-6497,true,Chandler,AZ,10/8/2000,0.554
82,Abbi,Redhouse,aredhouse29@fc2.com,843-237-0563,false,Charleston,SC,1/29/1964,0.999
83,Anthony,Igoe,aigoe2a@wix.com,505-257-5365,true,Albuquerque,NM,7/21/2000,0.838
84,Channa,Cornely,ccornely2b@adobe.com,614-235-3936,true,Columbus,OH,10/9/1949,0.4
85,Elene,Goodday,egoodday2c@sciencedirect.com,860-932-3095,false,West Hartford,CT,6/2/1991,0.64
86,Roxanna,Weatherby,rweatherby2d@hud.gov,215-678-9572,true,Philadelphia,PA,12/18/1999,0.501
87,Konstance,Gossage,kgossage2e@columbia.edu,214-620-6966,true,Dallas,TX,3/20/1962,0.268
88,Alina,O'Heneghan,aoheneghan2f@pbs.org,940-292-4482,false,Wichita Falls,TX,6/3/1985,0.078
89,Dario,Angric,dangric2g@skyrock.com,805-188-8252,false,Santa Barbara,CA,6/6/1986,1.0
90,Latrina,Stuckow,lstuckow2h@kickstarter.com,406-476-5985,true,Billings,MT,8/10/1988,0.887
91,Lurleen,Sheraton,lsheraton2i@altervista.org,479-549-5868,true,Fort Smith,AR,3/27/1989,0.593
92,Raynell,Purdon,rpurdon2j@usda.gov,213-195-8668,true,Los Angeles,CA,2/11/1991,0.927
93,Duffy,Janatka,djanatka2k@mozilla.org,915-107-9773,false,El Paso,TX,2/23/1995,0.334
94,Rustie,Filpo,rfilpo2l@ucsd.edu,212-162-5099,true,New York City,NY,5/21/1982,0.156
95,Jamima,Brindley,jbrindley2m@mediafire.com,205-413-7739,true,Birmingham,AL,11/3/1978,0.204
96,Maxy,Backsal,mbacksal2n@parallels.com,212-261-2805,true,New York City,NY,11/16/1966,0.563
97,Jillana,Hamblington,jhamblington2o@sogou.com,202-212-1311,false,Washington,DC,7/1/1964,0.912
98,Wynny,Moland,wmoland2p@ucla.edu,202-879-0571,true,Washington,DC,1/29/1958,0.608
99,Klarrisa,Huitt,khuitt2q@pcworld.com,614-474-9212,false,Columbus,OH,9/26/1973,0.533
100,Harcourt,Colloff,hcolloff2r@sciencedaily.com,812-529-4505,true,Evansville,IN,3/4/1963,0.31
101,Darius,Renbold,drenbold2s@webmd.com,419-658-3860,false,Toledo,OH,12/20/1947,0.215
102,Ernesto,Joinsey,ejoinsey2t@cyberchimps.com,804-741-8975,false,Richmond,VA,2/4/1963,0.262
103,Shalne,Gullifant,sgullifant2u@illinois.edu,951-268-1661,false,San Bernardino,CA,2/25/1979,0.477
104,Lurette,Kneath,lkneath2v@ovh.net,503-623-1565,true,Portland,OR,3/29/1999,0.619
105,Osbourne,Narraway,onarraway2w@senate.gov,859-589-9654,true,Lexington,KY,9/13/1955,0.439
106,Evanne,Knappitt,eknappitt2x@nymag.com,806-889-7139,false,Amarillo,TX,4/4/1985,0.665
107,Roarke,Unstead,runstead2y@indiatimes.com,559-153-9337,false,Fresno,CA,4/11/1997,0.273
108,Skye,Cavanagh,scavanagh2z@blogspot.com,952-815-9190,true,Young America,MN,5/26/1963,0.493
109,Devin,Rainey,drainey30@nsw.gov.au,915-750-0263,true,El Paso,TX,5/1/1991,0.113
110,Herold,Amos,hamos31@who.int,850-293-2936,true,Panama City,FL,2/13/1977,0.679
111,Casey,Ronaldson,cronaldson32@constantcontact.com,318-270-5520,false,Shreveport,LA,7/30/1954,0.409
112,Tucker,Burke,tburke33@nytimes.com,571-367-1988,true,Arlington,VA,12/9/1981,0.782
113,Fara,Beldum,fbeldum34@issuu.com,850-719-1969,true,Pensacola,FL,7/1/1975,0.776
114,Gallagher,Rohlfs,grohlfs35@usa.gov,734-160-1989,true,Ann Arbor,MI,6/9/1980,0.281
115,Faydra,Shillitto,fshillitto36@example.com,213-488-1990,false,Los Angeles,CA,10/1/1994,0.531
116,Nappie,Pinckney,npinckney37@about.com,501-143-5225,true,Little Rock,AR,2/9/1987,0.87
117,Rosanna,Arnowicz,rarnowicz38@dailymotion.com,678-284-7209,false,Norcross,GA,12/21/1972,0.672
118,Tracey,Beggio,tbeggio39@mapquest.com,281-469-9950,true,Houston,TX,12/22/1979,0.366
119,Fremont,Welfair,fwelfair3a@deviantart.com,405-255-7833,false,Oklahoma City,OK,10/3/1947,0.885
120,Richmound,McGillreich,rmcgillreich3b@dropbox.com,615-330-1577,true,Nashville,TN,12/2/1957,0.484
121,Leeland,Hollingsbee,lhollingsbee3c@ucoz.com,202-278-8170,true,Washington,DC,4/9/1977,0.058
122,Joane,Heighton,jheighton3d@last.fm,757-767-6511,false,Suffolk,VA,8/22/1999,0.684
123,Kariotta,MacMarcuis,kmacmarcuis3e@ted.com,478-532-3465,true,Macon,GA,12/31/1975,0.856
124,Violetta,Blades,vblades3f@patch.com,754-503-6287,true,Pompano Beach,FL,2/16/1950,0.333
125,Blanche,Balwin,bbalwin3g@homestead.com,808-382-2240,true,Honolulu,HI,5/13/1965,0.084
126,Abrahan,Matkovic,amatkovic3h@reuters.com,330-424-4431,false,Akron,OH,11/2/1947,0.806
127,Cathyleen,Tofpik,ctofpik3i@independent.co.uk,864-413-7353,true,Greenville,SC,12/9/1972,0.291
128,Sarette,Edge,sedge3j@gizmodo.com,256-990-8513,true,Huntsville,AL,2/12/1964,0.803
129,Allison,Bielefeld,abielefeld3k@squidoo.com,720-439-4435,false,Boulder,CO,11/6/1982,0.193
130,Hurley,Covert,hcovert3l@rediff.com,937-835-6390,false,Dayton,OH,2/27/1991,0.334
131,William,McAneny,wmcaneny3m@soundcloud.com,936-191-7629,true,Beaumont,TX,8/25/1976,0.85
132,Shelby,Slyvester,sslyvester3n@ocn.ne.jp,269-714-1046,false,Kalamazoo,MI,8/15/1974,0.296
133,Tabbie,McGilvary,tmcgilvary3o@cloudflare.com,858-311-0138,false,San Diego,CA,7/3/1967,0.683
134,Jim,MacNamara,jmacnamara3p@indiegogo.com,202-679-4891,true,Washington,DC,3/12/1973,0.566
135,Biron,Slyman,bslyman3q@skyrock.com,602-405-6245,false,Chandler,AZ,2/27/1980,0.34
136,Concordia,Greydon,cgreydon3r@fema.gov,860-865-6233,true,Hartford,CT,8/13/1962,0.251
137,Kiel,Chezelle,kchezelle3s@shinystat.com,512-683-3570,false,Austin,TX,6/16/1996,0.92
138,Mikaela,Linskill,mlinskill3t@japanpost.jp,757-601-5265,false,Portsmouth,VA,8/27/1950,0.214
139,Riordan,Stockton,rstockton3u@1688.com,707-808-8560,false,Santa Rosa,CA,5/25/1951,0.451
140,Valentia,Ledbury,vledbury3v@cbslocal.com,785-783-8684,true,Topeka,KS,8/29/1969,0.995
141,Clim,Jewes,cjewes3w@engadget.com,614-660-3480,false,Columbus,OH,4/16/1992,0.411
142,Pamelina,Kiln,pkiln3x@nps.gov,406-549-3695,false,Missoula,MT,10/21/1980,0.16
143,Alexandrina,Blunden,ablunden3y@netscape.com,212-910-4622,true,New York City,NY,2/18/1965,0.21
144,Vilma,Devita,vdevita3z@wsj.com,314-323-3518,true,Saint Louis,MO,9/12/1953,0.198
145,Thurstan,O'Currine,tocurrine40@weibo.com,918-233-5674,false,Tulsa,OK,4/11/1988,0.123
146,Elinor,Scogings,escogings41@csmonitor.com,214-926-5176,false,Dallas,TX,12/23/1947,0.097
147,Giorgio,Burchill,gburchill42@go.com,602-871-6202,true,Glendale,AZ,11/8/2001,0.779
148,Darya,Blankley,dblankley43@cnet.com,202-132-8824,false,Washington,DC,12/5/2001,0.188
149,Lorena,Carmichael,lcarmichael44@washington.edu,318-802-6695,true,Shreveport,LA,8/2/1993,0.463
150,Joete,Tedridge,jtedridge45@ucoz.com,317-355-1627,false,Indianapolis,IN,1/10/1950,0.015
151,Waylen,Kauschke,wkauschke46@php.net,251-989-3601,true,Mobile,AL,2/12/1995,0.822
152,Ignacio,Gwillim,igwillim47@multiply.com,716-700-8600,false,Buffalo,NY,10/12/1959,0.746
153,Normie,Skirlin,nskirlin48@vkontakte.ru,623-427-0570,false,Phoenix,AZ,8/11/1979,0.04
154,Winnifred,Sinkings,wsinkings49@google.cn,801-928-3654,false,Ogden,UT,8/14/1994,0.168
155,Tobey,Francecione,tfrancecione4a@vkontakte.ru,415-830-8816,true,San Francisco,CA,2/9/1963,0.382
156,Tome,Parkeson,tparkeson4b@businesswire.com,321-844-0514,false,Melbourne,FL,12/9/1978,0.285
157,Fabien,Cristofolo,fcristofolo4c@hhs.gov,309-155-0325,true,Peoria,IL,1/20/1961,0.766
158,Karina,Blaszczynski,kblaszczynski4d@nymag.com,817-131-2332,true,Fort Worth,TX,6/15/1984,0.834
159,Chastity,Idiens,cidiens4e@paginegialle.it,806-111-1816,false,Lubbock,TX,12/19/1951,0.229
160,Clio,Rosbottom,crosbottom4f@apache.org,414-420-2398,false,Milwaukee,WI,8/20/1974,0.768
161,Nathanil,Ennals,nennals4g@goodreads.com,269-743-6984,false,Battle Creek,MI,2/23/1969,0.766
162,Mack,Rasch,mrasch4h@buzzfeed.com,904-663-7477,false,Jacksonville,FL,10/9/1991,0.255
163,Gladi,Lassell,glassell4i@shinystat.com,312-663-9005,true,Chicago,IL,2/25/1998,0.09
164,Ignacius,Rosensaft,irosensaft4j@google.co.jp,954-783-8062,true,Hollywood,FL,11/2/1963,0.318
165,Lynn,Stoad,lstoad4k@dmoz.org,702-196-4387,true,Las Vegas,NV,1/12/1979,0.548
166,Arlette,Erlam,aerlam4l@woothemes.com,212-503-9861,false,New York City,NY,12/29/1962,0.596
167,Yul,Sketch,ysketch4m@hud.gov,518-574-2547,false,Albany,NY,5/2/1961,0.253
168,Yule,Goldstraw,ygoldstraw4n@oaic.gov.au,352-375-2363,false,Brooksville,FL,6/29/1991,0.369
169,Justin,Cutsforth,jcutsforth4o@barnesandnoble.com,864-161-6088,false,Greenville,SC,1/25/1989,0.234
170,Tiffany,Connue,tconnue4p@weebly.com,510-360-5499,true,Oakland,CA,8/12/1979,0.128
171,Rubetta,Mervyn,rmervyn4q@npr.org,402-830-6236,true,Lincoln,NE,3/6/2002,0.983
172,Letitia,Coggon,lcoggon4r@omniture.com,515-658-4512,false,Des Moines,IA,6/16/1986,0.492
173,Dorene,Gething,dgething4s@vimeo.com,602-240-7055,false,Phoenix,AZ,2/28/1994,0.134
174,Connor,Georgeot,cgeorgeot4t@nasa.gov,915-278-2264,false,El Paso,TX,6/10/1976,0.263
175,Nestor,Ferentz,nferentz4u@seattletimes.com,757-526-9893,true,Norfolk,VA,5/29/1965,0.319
176,Denys,Tomczykiewicz,dtomczykiewicz4v@walmart.com,305-161-9813,true,Miami,FL,9/1/1998,0.438
177,Ibby,Imore,iimore4w@cdc.gov,727-160-0506,false,Largo,FL,11/25/1949,0.4
178,Katey,Hinstridge,khinstridge4x@sbwire.com,202-352-5461,false,Washington,DC,9/24/1962,0.822
179,Wallas,Gatchel,wgatchel4y@mtv.com,336-308-1351,true,High Point,NC,8/26/1951,0.638
180,Manolo,Edmenson,medmenson4z@jiathis.com,661-673-3153,true,Van Nuys,CA,1/2/1998,0.855
181,Philbert,Noen,pnoen50@biglobe.ne.jp,512-578-6745,false,Austin,TX,12/26/1986,0.825
182,Maxie,Cooke,mcooke51@4shared.com,414-734-8663,false,Milwaukee,WI,1/27/1996,0.979
183,Felipe,Potts,fpotts52@ovh.net,208-324-9353,false,Boise,ID,3/26/1958,0.667
184,Nyssa,Blunsum,nblunsum53@sohu.com,561-800-3524,true,Lake Worth,FL,10/17/1989,0.321
185,Gui,Caddies,gcaddies54@theglobeandmail.com,206-560-8230,true,Tacoma,WA,1/9/1996,0.669
186,Jose,Greener,jgreener55@wordpress.org,757-942-9380,true,Portsmouth,VA,2/7/1999,0.408
187,Erin,Mapston,emapston56@yale.edu,336-325-0380,true,High Point,NC,12/19/1959,0.641
188,Pru,Drillot,pdrillot57@seesaa.net,719-234-2819,false,Colorado Springs,CO,4/9/1976,0.384
189,Randi,Kloisner,rkloisner58@com.com,816-143-4270,true,Kansas City,MO,1/30/1976,0.905
190,Timothy,Surmon,tsurmon59@multiply.com,817-195-9466,false,Fort Worth,TX,4/16/1969,0.91
191,Maureen,Piggrem,mpiggrem5a@google.com.au,254-998-0926,false,Temple,TX,2/21/1985,0.27
192,Dion,Hackwell,dhackwell5b@cnbc.com,210-827-5234,false,San Antonio,TX,5/25/1957,0.303
193,Shaun,Lighton,slighton5c@booking.com,760-503-9457,true,Carlsbad,CA,3/8/1974,0.384
194,Friedrick,Vawton,fvawton5d@hubpages.com,917-697-0524,false,New York City,NY,2/28/1952,0.557
195,Cyrus,Timberlake,ctimberlake5e@pagesperso-orange.fr,818-960-1307,false,Van Nuys,CA,9/10/1981,0.302
196,Ebba,Hassur,ehassur5f@jigsy.com,213-746-2497,false,Los Angeles,CA,5/30/1957,0.608
197,Aharon,Sarah,asarah5g@apache.org,512-874-4057,true,Austin,TX,12/17/1978,0.696
198,Shaine,Currall,scurrall5h@comcast.net,516-636-6430,true,Hicksville,NY,11/28/1947,0.891
199,Nissy,Spiller,nspiller5i@squarespace.com,559-356-4354,true,Fresno,CA,1/24/1971,0.504
200,Devland,Dunseith,ddunseith5j@opera.com,405-851-4418,true,Oklahoma City,OK,6/21/1983,0.537
201,Bertine,Sorey,bsorey5k@bravesites.com,719-302-2434,false,Colorado Springs,CO,2/15/1972,0.831
202,Faunie,Lumpkin,flumpkin5l@epa.gov,217-357-0475,true,Decatur,IL,7/31/1979,0.652
203,Jake,Palleske,jpalleske5m@hatena.ne.jp,314-553-0864,true,Saint Louis,MO,8/24/1981,0.841
204,Delaney,Michele,dmichele5n@exblog.jp,505-201-8590,false,Las Cruces,NM,3/14/1974,0.877
205,Marketa,Medeway,mmedeway5o@deliciousdays.com,813-318-3491,true,Tampa,FL,4/20/1994,0.039
206,Stevie,de Banke,sdebanke5p@addtoany.com,816-395-8757,true,Kansas City,MO,3/30/1957,0.176
207,Felike,Kleinholz,fkleinholz5q@bloglovin.com,646-270-0701,true,New York City,NY,10/28/1953,0.495
208,Shepard,Snowdon,ssnowdon5r@skyrock.com,971-282-5376,true,Portland,OR,7/6/1989,0.02
209,Eirena,Ashlin,eashlin5s@hao123.com,818-944-7063,true,Los Angeles,CA,2/23/1977,0.513
210,Gabi,Maving,gmaving5t@hud.gov,405-857-4456,true,Oklahoma City,OK,11/9/1955,0.364
211,Dugald,Langfitt,dlangfitt5u@seattletimes.com,203-683-8569,true,Norwalk,CT,1/25/1974,0.462
212,Jeffy,Heinemann,jheinemann5v@cisco.com,912-456-2815,false,Savannah,GA,9/28/1964,0.222
213,Henrie,Schleicher,hschleicher5w@npr.org,602-788-7892,false,Phoenix,AZ,3/19/1956,0.728
214,Hasheem,Laminman,hlaminman5x@sfgate.com,520-459-0114,false,Tucson,AZ,8/15/1995,0.894
215,Delainey,Quarless,dquarless5y@go.com,202-931-0613,true,Washington,DC,7/15/1962,0.273
216,Redd,Le Grys,rlegrys5z@nba.com,859-774-5345,true,Lexington,KY,6/23/1965,0.89
217,Carilyn,Walrond,cwalrond60@yolasite.com,503-324-3351,false,Portland,OR,3/8/1962,0.654
218,Ulrich,Road,uroad61@indiegogo.com,208-131-0704,true,Boise,ID,3/24/1997,0.5
219,Sherie,Sloy,ssloy62@webnode.com,941-487-5820,true,Bradenton,FL,6/6/1964,0.201
220,Elysia,Cockcroft,ecockcroft63@e-recht24.de,702-263-4377,false,Las Vegas,NV,7/15/1994,0.815
221,Roderic,Dear,rdear64@wisc.edu,971-991-4704,true,Salem,OR,1/1/1986,0.714
222,Eamon,Stowe,estowe65@hexun.com,305-887-1129,true,Miami,FL,11/26/1954,0.869
223,Cathee,Hunn,chunn66@pagesperso-orange.fr,702-259-3770,true,Santa Barbara,CA,9/29/1990,0.975
224,Kelsey,Curtain,kcurtain67@eepurl.com,816-596-0099,true,Kansas City,MO,9/26/1974,0.814
225,Gallagher,Stallard,gstallard68@eventbrite.com,281-323-6628,true,Houston,TX,12/1/2000,0.399
226,Anna,Kinnar,akinnar69@angelfire.com,713-292-1615,true,Houston,TX,1/31/1954,0.472
227,Eric,Lage,elage6a@edublogs.org,205-719-9412,true,Birmingham,AL,12/16/1993,0.52
228,Bradford,Shotton,bshotton6b@squidoo.com,727-642-7101,true,Clearwater,FL,11/13/1982,0.693
229,Kahlil,Kerfoot,kkerfoot6c@purevolume.com,608-486-3400,false,Madison,WI,9/15/1958,0.033
230,Desirae,Randall,drandall6d@dropbox.com,518-659-1938,true,Albany,NY,6/11/1984,0.516
231,Sybyl,Mohamed,smohamed6e@tiny.cc,205-233-7070,false,Birmingham,AL,4/29/1948,0.668
232,Konrad,Sandy,ksandy6f@reuters.com,603-869-8908,false,Manchester,NH,5/17/1954,0.674
233,Barbra,Ponceford,bponceford6g@moonfruit.com,510-485-9609,true,Oakland,CA,6/19/1990,0.693
234,Aubine,Jewson,ajewson6h@fc2.com,314-832-7851,false,Saint Louis,MO,1/25/1974,0.599
235,Clemence,Strapp,cstrapp6i@github.io,859-821-4458,true,Lexington,KY,1/4/1964,0.517
236,Madella,Lilleyman,mlilleyman6j@360.cn,857-450-7913,false,Watertown,MA,12/3/1968,0.929
237,August,Marsay,amarsay6k@si.edu,845-321-5680,false,White Plains,NY,1/12/1979,0.806
238,Bobette,Vardie,bvardie6l@cyberchimps.com,317-730-7524,false,Indianapolis,IN,4/4/1999,0.403
239,Fayina,Abramchik,fabramchik6m@imgur.com,623-902-6563,false,Peoria,AZ,7/27/1985,0.57
240,Frankie,Brydone,fbrydone6n@comsenz.com,817-754-7294,true,Fort Worth,TX,8/18/1947,0.721
241,Lenard,Yarham,lyarham6o@shinystat.com,401-638-0614,true,Providence,RI,1/19/1979,0.994
242,Harbert,Simonard,hsimonard6p@fastcompany.com,719-272-7297,false,Colorado Springs,CO,11/21/1994,0.347
243,Tallie,Nusche,tnusche6q@hugedomains.com,540-898-5788,false,Roanoke,VA,8/11/1953,0.864
244,Devland,Ormistone,dormistone6r@japanpost.jp,904-387-2411,true,Jacksonville,FL,11/17/1981,0.035
245,Lilllie,Mackieson,lmackieson6s@artisteer.com,303-325-8574,true,Littleton,CO,10/4/1961,0.944
246,Keene,Collens,kcollens6t@nifty.com,602-715-9997,false,Phoenix,AZ,2/9/1976,0.289
247,Gardy,Hargate,ghargate6u@dropbox.com,907-217-3226,true,Anchorage,AK,12/15/1957,0.425
248,Arnoldo,Bleakman,ableakman6v@apple.com,209-553-1907,true,Stockton,CA,9/27/1951,0.418
249,Lyndsie,Tchaikovsky,ltchaikovsky6w@pagesperso-orange.fr,858-843-4812,false,San Diego,CA,4/6/1976,0.954
250,Andria,Stithe,astithe6x@simplemachines.org,408-226-1458,true,San Jose,CA,9/20/1960,0.198
251,Franny,Adamovitch,fadamovitch6y@diigo.com,410-117-1048,true,Ridgely,MD,7/26/2000,0.295
252,Evangelin,Verrechia,everrechia6z@google.cn,404-767-1132,false,Atlanta,GA,3/12/1966,0.095
253,Farley,Frid,ffrid70@theglobeandmail.com,212-542-5989,false,New York City,NY,12/14/2000,0.843
254,Ruthe,Spurrior,rspurrior71@apache.org,212-824-5961,false,New York City,NY,4/29/1982,0.645
255,Halimeda,Ashbe,hashbe72@vkontakte.ru,608-322-8050,true,Madison,WI,12/19/1965,0.894
256,Matthias,Lande,mlande73@amazonaws.com,916-694-2570,false,Sacramento,CA,5/26/1960,0.517
257,Judi,Placidi,jplacidi74@indiegogo.com,859-418-6004,true,Lexington,KY,8/18/1953,0.314
258,Anthony,Mougeot,amougeot75@msu.edu,209-102-2344,false,Fresno,CA,6/4/1989,0.003
259,Gualterio,McIlrath,gmcilrath76@t-online.de,503-663-3825,true,Portland,OR,6/8/1970,0.997
260,Kippie,Belsham,kbelsham77@amazon.co.jp,812-460-0651,true,Evansville,IN,6/27/1966,0.034
261,Siusan,Jurkowski,sjurkowski78@mapquest.com,915-109-1382,false,El Paso,TX,8/19/1954,0.923
262,Felix,Wabersinke,fwabersinke79@arizona.edu,903-879-0956,true,Tyler,TX,11/19/1976,0.792
263,Freedman,Pisco,fpisco7a@about.me,602-159-2978,true,Phoenix,AZ,6/21/1973,0.089
264,Eda,Muldownie,emuldownie7b@dell.com,501-107-2423,true,North Little Rock,AR,5/20/1977,0.165
265,Myca,Brason,mbrason7c@cdc.gov,704-600-7412,true,Charlotte,NC,9/24/1978,0.797
266,Bella,Sinclair,bsinclair7d@cbsnews.com,804-739-8739,true,Richmond,VA,7/9/1992,0.53
267,Prudy,Van Der Hoog,pvanderhoog7e@dot.gov,781-121-0872,true,Lynn,MA,1/3/1998,0.593
268,Nessi,Archdeacon,narchdeacon7f@eepurl.com,501-807-5666,true,Little Rock,AR,12/3/1971,0.92
269,Jannelle,Ilbert,jilbert7g@miibeian.gov.cn,410-765-0888,true,Baltimore,MD,8/22/1956,0.96
270,Codi,Gonthard,cgonthard7h@discuz.net,347-760-1789,false,New York City,NY,7/20/1979,0.779
271,Allie,Walne,awalne7i@webnode.com,859-441-7030,false,Lexington,KY,2/6/1977,0.323
272,Hadley,Merrydew,hmerrydew7j@jimdo.com,803-189-5748,true,Columbia,SC,3/11/1972,0.826
273,Dudley,Binch,dbinch7k@ehow.com,813-241-2117,false,Zephyrhills,FL,8/10/1999,0.777
274,Bradly,Lyes,blyes7l@imgur.com,816-502-1703,true,Kansas City,MO,12/17/1988,0.257
275,Carolann,Ellerington,cellerington7m@vinaora.com,913-146-0032,true,Shawnee Mission,KS,10/19/1992,0.053
276,Hanan,Dagleas,hdagleas7n@wordpress.com,719-530-1689,true,Pueblo,CO,2/8/1977,0.853
277,May,Hawkings,mhawkings7o@nyu.edu,212-169-9205,true,New York City,NY,9/16/1987,0.776
278,Sam,Darville,sdarville7p@msn.com,918-318-9595,true,Tulsa,OK,3/12/1994,0.784
279,Christopher,Binch,cbinch7q@apple.com,502-989-6578,false,Louisville,KY,6/25/1980,0.058
280,Bernetta,Richmond,brichmond7r@spiegel.de,415-712-2430,false,San Francisco,CA,1/5/1990,0.197
281,Gerhard,Kensley,gkensley7s@amazonaws.com,206-770-8436,true,Seattle,WA,3/26/2000,0.117
282,Tammy,Jelf,tjelf7t@trellian.com,303-346-9803,false,Denver,CO,11/30/1964,0.789
283,Prissie,Thonger,pthonger7u@usatoday.com,949-320-3082,false,Irvine,CA,3/18/2001,0.796
284,Barny,Jancy,bjancy7v@globo.com,951-314-0775,false,Moreno Valley,CA,8/30/1962,0.111
285,Mirelle,Chiene,mchiene7w@fema.gov,915-615-9158,false,El Paso,TX,3/22/1984,0.388
286,Towney,Tynan,ttynan7x@shinystat.com,312-762-9023,true,Chicago,IL,12/12/1971,0.228
287,Norma,Griffin,ngriffin7y@un.org,312-510-0718,false,Chicago,IL,1/27/1986,0.27
288,Bambi,Flockhart,bflockhart7z@yellowbook.com,937-236-7999,false,Dayton,OH,2/25/1981,0.227
289,Howey,Bridger,hbridger80@reuters.com,830-507-9974,true,San Antonio,TX,5/30/1985,0.356
290,Peterus,Norcliffe,pnorcliffe81@naver.com,410-936-4311,false,Ridgely,MD,7/1/1958,0.575
291,Peter,Roistone,proistone82@tinyurl.com,402-221-9559,true,Omaha,NE,2/25/1958,0.879
292,Vincents,Fealy,vfealy83@gravatar.com,419-724-9146,false,Mansfield,OH,8/13/1969,0.612
293,Timmi,Brandts,tbrandts84@vinaora.com,347-968-6168,false,Brooklyn,NY,10/25/1962,0.701
294,Berenice,Rainger,brainger85@studiopress.com,713-489-4936,false,Houston,TX,10/15/1948,0.151
295,Cristionna,Ollander,collander86@weather.com,405-936-7281,false,Oklahoma City,OK,7/20/1966,0.989
296,Merridie,Woolmer,mwoolmer87@geocities.com,281-391-5950,true,Spring,TX,10/24/1994,0.509
297,Rebbecca,Perrelli,rperrelli88@ca.gov,202-168-2108,false,Washington,DC,11/28/1991,0.073
298,Boycey,Stilling,bstilling89@studiopress.com,405-273-3760,false,Oklahoma City,OK,5/7/1957,0.92
299,Windy,Keasey,wkeasey8a@is.gd,954-565-6469,false,Fort Lauderdale,FL,8/12/1957,0.543
300,Sibylla,Olley,solley8b@jalbum.net,212-926-5919,true,New York City,NY,9/4/1983,0.144
301,Padgett,Tyas,ptyas8c@columbia.edu,619-537-0905,false,San Diego,CA,12/24/1996,0.293
302,Kali,Chaucer,kchaucer8d@vinaora.com,520-146-5171,false,Tucson,AZ,4/1/1983,0.425
303,Celeste,Plevin,cplevin8e@scientificamerican.com,413-148-5735,true,Springfield,MA,10/26/1947,0.823
304,Tamara,Sinkinson,tsinkinson8f@clickbank.net,228-706-2180,true,Biloxi,MS,2/14/1988,0.083
305,Vick,Brisard,vbrisard8g@seattletimes.com,310-640-9469,true,Los Angeles,CA,4/22/1982,0.883
306,Mitchell,Diloway,mdiloway8h@redcross.org,405-130-4541,false,Oklahoma City,OK,9/1/1997,0.718
307,Fina,Borrell,fborrell8i@bravesites.com,209-794-4148,true,Fresno,CA,6/26/1988,0.75
308,Marlin,Gerrietz,mgerrietz8j@wikia.com,317-958-7631,true,Indianapolis,IN,11/15/1987,0.222
309,Salomi,Witty,switty8k@archive.org,937-584-6760,false,Dayton,OH,9/4/1993,0.094
310,Douglass,Bonnyson,dbonnyson8l@istockphoto.com,510-230-0124,false,Oakland,CA,7/13/1973,0.598
311,Wilton,Josey,wjosey8m@fc2.com,202-628-3169,false,Washington,DC,1/22/1953,0.727
312,Paulie,Merigon,pmerigon8n@ifeng.com,864-286-9645,false,Spartanburg,SC,4/1/1952,0.129
313,Olympie,Kennally,okennally8o@stumbleupon.com,309-874-4018,true,Carol Stream,IL,1/2/1991,0.889
314,Valentina,Nelthorp,vnelthorp8p@wsj.com,251-408-3632,false,Mobile,AL,7/19/1978,0.322
315,Charmine,Cobby,ccobby8q@dedecms.com,605-237-0352,true,Sioux Falls,SD,8/18/1955,0.423
316,Berenice,Billings,bbillings8r@plala.or.jp,209-537-8665,true,Modesto,CA,1/14/1951,0.05
317,Talia,Marks,tmarks8s@scribd.com,412-855-2163,true,Pittsburgh,PA,7/13/1974,0.831
318,Lacey,Caddens,lcaddens8t@pcworld.com,904-798-9948,false,Jacksonville,FL,11/5/1971,0.909
319,Drucill,Haggidon,dhaggidon8u@sakura.ne.jp,646-121-6263,false,New York City,NY,9/12/1986,0.293
320,Em,Harbottle,eharbottle8v@yolasite.com,804-941-1192,false,Richmond,VA,3/1/1968,0.847
321,Hayyim,McIan,hmcian8w@bigcartel.com,847-233-7641,true,Palatine,IL,9/28/1994,0.168
322,Zacherie,McGoon,zmcgoon8x@nydailynews.com,213-325-5674,true,Van Nuys,CA,11/26/1992,0.149
323,Augustine,Grishukhin,agrishukhin8y@foxnews.com,205-820-8507,true,Birmingham,AL,1/1/1987,0.205
324,Adiana,Brumpton,abrumpton8z@yellowbook.com,561-682-8932,false,West Palm Beach,FL,9/15/1967,0.753
325,Annabal,Pagelsen,apagelsen90@google.com.br,402-827-6217,true,Omaha,NE,11/30/1958,0.123
326,Mikkel,Giblin,mgiblin91@youku.com,319-753-9844,false,Iowa City,IA,1/8/1960,0.021
327,Susie,Jeannot,sjeannot92@indiegogo.com,919-762-5552,true,Raleigh,NC,3/27/1978,0.703
328,Cecil,Glave,cglave93@unc.edu,609-816-1219,true,Trenton,NJ,8/30/1952,0.167
329,Robinet,Brik,rbrik94@fc2.com,301-716-4477,true,Silver Spring,MD,3/15/1954,0.397
330,Thibaut,Otto,totto95@cornell.edu,702-956-2688,false,Las Vegas,NV,1/17/1956,0.415
331,Jilli,Burder,jburder96@sitemeter.com,434-688-5026,false,Durham,NC,12/18/1987,0.56
332,Lynn,Bimrose,lbimrose97@goo.ne.jp,513-437-5600,false,Cincinnati,OH,10/1/1952,0.346
333,Stacey,Bester,sbester98@addtoany.com,562-486-6426,false,Long Beach,CA,3/27/1984,0.554
334,Hilliard,Stienham,hstienham99@pen.io,415-551-2917,false,San Francisco,CA,5/11/1954,0.889
335,Danielle,Geldert,dgeldert9a@opera.com,661-715-8067,true,Bakersfield,CA,11/23/2001,0.22
336,Whitney,Jecock,wjecock9b@qq.com,309-539-9264,true,Peoria,IL,11/15/1956,0.757
337,Zorah,Seager,zseager9c@a8.net,501-844-3705,false,Little Rock,AR,3/20/1997,0.99
338,Seth,Leaning,sleaning9d@mail.ru,785-640-8642,false,Topeka,KS,11/14/1980,0.208
339,Cassy,Sinclair,csinclair9e@dedecms.com,202-300-6091,false,Alexandria,VA,1/27/1964,0.881
340,Yard,Ivushkin,yivushkin9f@domainmarket.com,765-324-9304,true,Indianapolis,IN,1/8/1948,0.487
341,Mannie,Huckleby,mhuckleby9g@squidoo.com,901-156-1790,false,Memphis,TN,5/19/1966,0.999
342,Aloysius,Chasemore,achasemore9h@sun.com,209-992-4810,false,Fresno,CA,5/3/1974,0.49
343,Claudie,Escofier,cescofier9i@auda.org.au,314-882-3826,false,Saint Louis,MO,8/18/1952,0.876
344,Van,Bowland,vbowland9j@google.co.jp,904-264-6967,false,Jacksonville,FL,4/20/1980,0.784
345,Maressa,Summerson,msummerson9k@feedburner.com,850-210-1204,true,Tallahassee,FL,10/12/1977,0.967
346,Gan,Poppleton,gpoppleton9l@cornell.edu,702-770-1389,true,North Las Vegas,NV,2/6/1988,0.673
347,Bone,Golagley,bgolagley9m@skyrock.com,419-562-8575,true,Lima,OH,9/29/1998,0.897
348,Rorke,Cossom,rcossom9n@hhs.gov,816-554-9791,false,Kansas City,MO,11/21/1985,0.634
349,Hannah,Bernardinelli,hbernardinelli9o@topsy.com,512-483-7970,true,Austin,TX,1/29/1984,0.339
350,Aristotle,Sagg,asagg9p@ucsd.edu,505-702-6416,false,Santa Fe,NM,2/12/1971,0.406
351,Conant,Cowthard,ccowthard9q@cnn.com,757-750-1356,false,Chesapeake,VA,7/17/1986,0.819
352,Audrie,Rolph,arolph9r@sciencedirect.com,316-700-2063,true,Wichita,KS,1/26/1984,0.766
353,Thebault,Cleynaert,tcleynaert9s@pbs.org,615-424-0348,true,Memphis,TN,8/8/1982,0.78
354,Killy,Streader,kstreader9t@networkadvertising.org,234-665-5149,true,Canton,OH,10/26/1982,0.162
355,Sigismund,Whitsun,swhitsun9u@pagesperso-orange.fr,317-353-1973,false,Indianapolis,IN,7/22/1971,0.761
356,Shoshana,Tabourin,stabourin9v@wikia.com,205-868-2492,false,Birmingham,AL,4/8/1969,0.691
357,Sheri,Pigrome,spigrome9w@webnode.com,320-531-8084,false,Saint Cloud,MN,11/17/1994,0.298
358,Saraann,Trollope,strollope9x@amazon.co.uk,785-742-2677,true,Topeka,KS,10/2/1995,0.96
359,Clovis,Hacksby,chacksby9y@nytimes.com,202-421-0270,true,Washington,DC,6/13/1950,0.952
360,Fidole,Scripture,fscripture9z@ask.com,702-443-3413,false,North Las Vegas,NV,9/6/1957,0.932
361,Jeramey,Keyte,jkeytea0@loc.gov,614-716-4937,true,Columbus,OH,7/16/1950,0.354
362,Inger,Gepson,igepsona1@auda.org.au,719-619-4457,false,Denver,CO,3/11/1959,0.305
363,Marsh,Perello,mperelloa2@nytimes.com,303-839-6708,true,Englewood,CO,2/14/1958,0.143
364,Linette,Brolly,lbrollya3@ovh.net,719-450-7766,false,Pueblo,CO,12/30/1996,0.111
365,Michelle,Anselmi,manselmia4@w3.org,808-933-9631,false,Honolulu,HI,9/11/1964,0.441
366,Orazio,Windous,owindousa5@ca.gov,602-735-2283,false,Phoenix,AZ,5/26/1992,0.143
367,Leonardo,Tinton,ltintona6@gov.uk,515-650-3600,true,Des Moines,IA,10/20/1974,0.829
368,Mario,Mudie,mmudiea7@sitemeter.com,239-431-8456,false,Fort Myers,FL,4/15/1991,0.032
369,Elysia,Elcoate,eelcoatea8@newyorker.com,202-574-0543,true,Washington,DC,3/3/1980,0.617
370,Terrence,Baumer,tbaumera9@ocn.ne.jp,915-699-8603,true,El Paso,TX,12/7/1970,0.967
371,Elnore,Bousquet,ebousquetaa@xing.com,515-364-3214,false,Des Moines,IA,8/25/1970,0.221
372,Missy,Rowth,mrowthab@ftc.gov,573-927-6471,true,Columbia,MO,4/28/1991,0.533
373,Tildy,Pellitt,tpellittac@prlog.org,704-582-0111,true,Charlotte,NC,3/21/1999,0.132
374,Jeth,Schuchmacher,jschuchmacherad@1688.com,818-670-3988,true,Glendale,CA,12/11/1960,0.251
375,Josi,Duro,jduroae@stumbleupon.com,573-584-4830,false,Columbia,MO,2/17/1982,0.951
376,Dun,McGeffen,dmcgeffenaf@naver.com,719-537-3529,false,Pueblo,CO,10/26/1982,0.519
377,Clemmy,Munson,cmunsonag@java.com,202-800-3144,false,Washington,DC,11/9/1964,0.726
378,Lorene,Rickaert,lrickaertah@cocolog-nifty.com,512-537-7551,true,Austin,TX,10/26/1971,0.037
379,Reinaldos,Luberti,rlubertiai@dyndns.org,202-232-8740,false,Washington,DC,4/21/1992,0.8
380,Reinaldos,Eyam,reyamaj@cisco.com,517-353-6858,true,Lansing,MI,7/16/1999,0.701
381,Abby,Budding,abuddingak@webeden.co.uk,989-745-4215,false,Saginaw,MI,11/13/1993,0.859
382,Grenville,Muldoon,gmuldoonal@biblegateway.com,208-675-8580,false,Boise,ID,3/1/1949,0.583
383,Inger,Scotchford,iscotchfordam@squidoo.com,305-915-7127,false,Miami,FL,1/31/1957,0.453
384,Liana,Tilson,ltilsonan@usa.gov,850-498-9037,true,Pinellas Park,FL,1/19/1970,0.847
385,Cheston,Goard,cgoardao@wunderground.com,347-950-7022,false,New York City,NY,6/19/1973,0.079
386,Gael,Assante,gassanteap@imdb.com,727-820-8389,false,Clearwater,FL,6/22/1958,0.214
387,Harley,Walby,hwalbyaq@studiopress.com,432-423-5302,false,Midland,TX,11/3/1981,0.6
388,Rocky,Benstead,rbensteadar@bizjournals.com,425-741-6759,true,Seattle,WA,1/31/1954,0.593
389,Jinny,Spini,jspinias@pagesperso-orange.fr,585-448-5929,false,Rochester,NY,5/29/1963,0.318
390,Ania,Mellings,amellingsat@smh.com.au,563-899-3859,true,Davenport,IA,11/2/1997,0.608
391,Rodrigo,Aucock,raucockau@indiegogo.com,716-255-9037,false,Buffalo,NY,7/12/1958,0.645
392,Brynna,Spurier,bspurierav@cpanel.net,501-549-2774,true,Hot Springs National Park,AR,8/8/1998,0.719
393,Mayne,Sabie,msabieaw@yolasite.com,805-428-1342,true,Santa Barbara,CA,7/18/1953,0.193
394,Bettina,Aleksic,baleksicax@netlog.com,904-541-0882,false,Saint Augustine,FL,10/8/1981,0.955
395,Abe,Poone,apooneay@newsvine.com,801-307-0347,true,Salt Lake City,UT,7/23/1976,0.255
396,Egon,Bysouth,ebysouthaz@ameblo.jp,801-972-5326,false,Salt Lake City,UT,5/31/1968,0.556
397,Matias,Rajchert,mrajchertb0@chron.com,559-268-5473,false,Fresno,CA,5/18/1995,0.334
398,Nan,Massimi,nmassimib1@reverbnation.com,559-926-4040,true,Fresno,CA,4/8/1952,0.997
399,Cthrine,Brunke,cbrunkeb2@spotify.com,605-404-3110,true,Sioux Falls,SD,8/21/1972,0.233
400,Bernardo,Grigorey,bgrigoreyb3@samsung.com,806-615-6805,true,Amarillo,TX,11/21/1960,0.748
401,Nisse,Cracie,ncracieb4@state.gov,502-541-0208,true,Louisville,KY,8/11/1952,0.237
402,Dov,McGilvra,dmcgilvrab5@123-reg.co.uk,404-717-7759,true,Atlanta,GA,11/27/1947,0.148
403,Fidelity,Corkett,fcorkettb6@icio.us,512-342-9373,false,Austin,TX,6/1/1984,0.497
404,Buffy,Bilney,bbilneyb7@chicagotribune.com,484-622-1783,false,Reading,PA,6/6/1954,0.794
405,Rhonda,Hollebon,rhollebonb8@weebly.com,813-541-4893,false,Tampa,FL,5/25/1985,0.725
406,Viviyan,Livsey,vlivseyb9@imdb.com,702-730-6669,true,Las Vegas,NV,12/8/1967,0.592
407,Zelda,Adolf,zadolfba@technorati.com,303-129-8704,false,Denver,CO,9/11/1997,0.435
408,Conn,Cristofori,ccristoforibb@cargocollective.com,785-544-4419,false,Topeka,KS,5/6/1966,0.136
409,Gilles,Flewin,gflewinbc@usa.gov,210-134-4650,true,San Antonio,TX,12/8/1954,0.075
410,Davie,Hindrick,dhindrickbd@tiny.cc,757-185-2468,false,Virginia Beach,VA,7/27/1980,0.544
411,Maurise,Patrick,mpatrickbe@edublogs.org,775-477-9695,false,Reno,NV,5/29/1966,0.457
412,Beauregard,Dovey,bdoveybf@cam.ac.uk,907-258-4460,false,Anchorage,AK,1/17/1991,0.321
413,Edward,Natte,enattebg@sciencedaily.com,707-996-5117,false,Santa Rosa,CA,3/9/1981,0.233
414,Sammy,Bissett,sbissettbh@walmart.com,719-216-3682,false,Colorado Springs,CO,1/18/2002,0.356
415,Otes,Abbison,oabbisonbi@mail.ru,717-620-4696,true,Lancaster,PA,9/25/1972,0.141
416,Sansone,Shillum,sshillumbj@drupal.org,202-834-7745,false,Washington,DC,7/3/1971,0.995
417,Constancy,Winfield,cwinfieldbk@arstechnica.com,949-765-5790,true,San Diego,CA,1/5/1977,0.288
418,Xever,Cowley,xcowleybl@unesco.org,408-662-3870,true,San Jose,CA,1/28/1982,0.576
419,Winifred,Jardein,wjardeinbm@ycombinator.com,405-996-5611,true,Oklahoma City,OK,7/30/1955,0.663
420,Lynnet,Thurley,lthurleybn@youtu.be,954-312-9749,false,Boca Raton,FL,9/18/1948,0.559
421,Carlotta,Brim,cbrimbo@histats.com,757-787-0477,false,Virginia Beach,VA,10/26/1963,0.59
422,Eleanore,Ludgrove,eludgrovebp@g.co,704-637-1721,false,Charlotte,NC,12/2/1972,0.984
423,Marrissa,Lergan,mlerganbq@mail.ru,615-756-8247,false,Nashville,TN,6/10/1977,0.595
424,Dell,Eldrid,deldridbr@springer.com,860-781-3407,false,Hartford,CT,7/25/1983,0.108
425,Grantham,Cargill,gcargillbs@time.com,434-665-0183,true,Lynchburg,VA,6/6/1967,0.643
426,Jeffry,Bradane,jbradanebt@ftc.gov,214-233-7592,true,Dallas,TX,12/22/1989,0.813
427,Fifi,Pigeram,fpigerambu@blogger.com,812-763-0923,false,Evansville,IN,6/25/1993,0.079
428,Emlynne,Belz,ebelzbv@gizmodo.com,253-884-5417,false,Tacoma,WA,3/22/1999,0.678
429,Catherin,Walne,cwalnebw@dion.ne.jp,504-192-6655,false,New Orleans,LA,10/25/1951,0.271
430,Theobald,Robbe,trobbebx@unblog.fr,561-103-2953,true,Boca Raton,FL,1/15/1992,0.471
431,Erika,McTerry,emcterryby@bloomberg.com,636-560-7806,true,Saint Louis,MO,6/25/1977,0.8
432,Pepi,Evershed,pevershedbz@sohu.com,901-706-6994,true,Memphis,TN,10/6/1983,0.797
433,Jonah,Risborough,jrisboroughc0@technorati.com,312-651-8024,false,Chicago,IL,3/28/2001,0.998
434,Bevin,McCrie,bmccriec1@prweb.com,406-747-8925,true,Missoula,MT,9/19/1957,0.601
435,Kerr,Cathesyed,kcathesyedc2@dagondesign.com,801-604-6253,false,Provo,UT,12/31/1969,0.372
436,Jimmy,Teresa,jteresac3@zdnet.com,904-375-3736,false,Jacksonville,FL,4/30/1998,0.739
437,Hallsy,Prall,hprallc4@amazon.co.uk,229-790-2052,false,Valdosta,GA,11/12/1990,0.108
438,Kort,Frensch,kfrenschc5@twitpic.com,316-370-6544,true,Wichita,KS,2/12/1982,0.388
439,Kit,Skough,kskoughc6@cmu.edu,952-472-6046,true,Young America,MN,7/11/1986,0.095
440,Winifield,Arnowicz,warnowiczc7@hugedomains.com,619-293-9920,true,San Diego,CA,8/4/1983,0.882
441,Frederik,Marcinkowski,fmarcinkowskic8@amazon.co.uk,717-640-4845,false,Harrisburg,PA,10/14/1948,0.601
442,Tabor,Olechnowicz,tolechnowiczc9@taobao.com,321-727-7477,true,Orlando,FL,2/26/1972,0.875
443,Brena,De La Salle,bdelasalleca@ask.com,919-825-9160,true,Raleigh,NC,5/2/1950,0.137
444,Debra,Gilhouley,dgilhouleycb@mozilla.org,786-868-9431,false,Miami,FL,2/20/1989,0.389
445,Rudiger,Sedgeworth,rsedgeworthcc@pagesperso-orange.fr,502-192-8925,true,Louisville,KY,3/6/1990,0.45
446,Taddeusz,Featherston,tfeatherstoncd@list-manage.com,253-985-2808,false,Tacoma,WA,9/28/1959,0.661
447,Vernen,Hugues,vhuguesce@soup.io,704-978-3171,true,Charlotte,NC,4/17/1973,0.037
448,Thomasa,McNirlan,tmcnirlancf@artisteer.com,813-937-2124,true,Tampa,FL,11/26/1999,0.375
449,Norean,Itzcovich,nitzcovichcg@diigo.com,773-651-7481,true,Chicago,IL,9/4/1989,0.417
450,Brice,Esome,besomech@buzzfeed.com,225-801-2026,true,Baton Rouge,LA,2/20/1964,0.164
451,Barbe,Mordey,bmordeyci@moonfruit.com,213-993-5802,false,North Hollywood,CA,10/10/1951,0.138
452,Eadie,Skates,eskatescj@umn.edu,520-164-9157,false,Tucson,AZ,11/17/1954,0.542
453,Aeriell,Bourgeois,abourgeoisck@biglobe.ne.jp,303-714-6715,false,Denver,CO,9/1/1988,0.489
454,Chev,Raffels,craffelscl@fema.gov,951-380-3733,true,Moreno Valley,CA,10/15/1966,0.222
455,Kerrin,Thurner,kthurnercm@google.ca,410-448-6362,false,Baltimore,MD,3/25/1989,0.654
456,Zolly,Duddle,zduddlecn@i2i.jp,312-159-4038,false,Chicago,IL,6/22/1965,0.216
457,Ora,Toner,otonerco@tmall.com,510-340-5484,false,Sacramento,CA,10/27/1985,0.272
458,Doloritas,Pettegre,dpettegrecp@fotki.com,502-685-9327,false,Louisville,KY,1/21/1959,0.172
459,Christy,Perrett,cperrettcq@dedecms.com,202-224-3928,true,Washington,DC,4/19/1992,0.477
460,Zeke,Somerville,zsomervillecr@noaa.gov,352-442-2424,true,Ocala,FL,3/19/1988,0.302
461,Claudie,Whitchurch,cwhitchurchcs@linkedin.com,757-217-7088,true,Virginia Beach,VA,5/12/1965,0.393
462,Cordey,Youens,cyouensct@pen.io,601-645-1495,false,Jackson,MS,11/13/1992,0.821
463,Carr,Barhims,cbarhimscu@constantcontact.com,970-407-6625,true,Greeley,CO,3/4/1965,0.804
464,Bonnibelle,Ledwitch,bledwitchcv@wufoo.com,302-259-6031,false,Newark,DE,2/23/1962,0.991
465,Kristal,Form,kformcw@geocities.com,202-772-8082,false,Washington,DC,5/4/1961,0.868
466,Brant,Thomtson,bthomtsoncx@yelp.com,336-675-6281,true,High Point,NC,3/14/1952,0.519
467,Lilith,Scones,lsconescy@state.gov,561-262-9134,false,Boynton Beach,FL,6/22/1969,0.764
468,Arlin,Masters,amasterscz@4shared.com,320-294-6741,true,Saint Cloud,MN,2/21/2000,0.983
469,Alison,Bartelet,abarteletd0@alibaba.com,303-505-0213,true,Denver,CO,5/23/1960,0.597
470,Syd,Merveille,smerveilled1@ftc.gov,386-128-9359,false,Daytona Beach,FL,7/10/1968,0.49
471,Annadiane,Petracchi,apetracchid2@miitbeian.gov.cn,404-777-7320,false,Duluth,GA,10/29/1956,0.561
472,Guillemette,Strang,gstrangd3@1und1.de,706-469-5316,true,Augusta,GA,7/9/2000,0.501
473,Eward,Arderne,earderned4@eventbrite.com,786-313-3122,false,Miami,FL,11/15/1948,0.532
474,Bianca,Fetteplace,bfetteplaced5@themeforest.net,915-349-4284,false,El Paso,TX,4/23/1972,0.652
475,Claudetta,Devers,cdeversd6@nsw.gov.au,513-534-3976,true,Cincinnati,OH,5/26/1992,0.392
476,Penny,Penelli,ppenellid7@mlb.com,410-990-5939,false,Ridgely,MD,3/25/1950,0.135
477,Josephina,Ragborne,jragborned8@alexa.com,570-281-5213,true,Wilkes Barre,PA,9/9/1982,0.099
478,Marisa,Whyke,mwhyked9@princeton.edu,804-350-1841,false,Richmond,VA,9/18/1956,0.555
479,Aurelea,Cattrell,acattrellda@mysql.com,312-756-9236,true,Aurora,IL,11/16/1955,0.759
480,Sammy,Scupham,sscuphamdb@admin.ch,323-748-5994,true,Los Angeles,CA,3/4/1957,0.333
481,Sonnie,Cubbit,scubbitdc@psu.edu,571-382-2526,true,Arlington,VA,7/25/1985,0.111
482,Patin,Slisby,pslisbydd@deviantart.com,941-373-1001,true,Punta Gorda,FL,11/5/1989,0.34
483,Jake,Caulcutt,jcaulcuttde@privacy.gov.au,202-922-1850,false,Washington,DC,12/10/1973,0.419
484,Farlie,Loughead,flougheaddf@e-recht24.de,205-555-9432,false,Birmingham,AL,4/19/2001,0.897
485,Wilhelm,Farriar,wfarriardg@storify.com,816-623-0356,false,Kansas City,MO,7/28/1984,0.748
486,Collen,MacNeachtain,cmacneachtaindh@japanpost.jp,443-266-0014,true,Baltimore,MD,4/6/1963,0.768
487,Charlie,Hriinchenko,chriinchenkodi@domainmarket.com,415-350-5789,true,San Francisco,CA,7/17/1975,0.182
488,Trude,Radloff,tradloffdj@timesonline.co.uk,915-342-9270,false,El Paso,TX,7/19/1983,0.739
489,Lucien,MacGillicuddy,lmacgillicuddydk@usda.gov,202-399-4188,true,Washington,DC,11/2/2000,0.194
490,Prent,Lynthal,plynthaldl@squarespace.com,205-544-5204,true,Birmingham,AL,6/23/1999,0.81
491,Cazzie,Mille,cmilledm@phoca.cz,318-112-9878,false,Shreveport,LA,3/14/1975,0.786
492,Isabeau,Ainsbury,iainsburydn@etsy.com,804-936-5595,false,Richmond,VA,3/29/1986,0.57
493,Dallas,Stanhope,dstanhopedo@ask.com,904-925-2522,false,Jacksonville,FL,2/7/1995,0.945
494,Russell,O'Heneghan,roheneghandp@ehow.com,678-916-4189,false,Atlanta,GA,8/7/1980,0.701
495,Norah,Rapo,nrapodq@123-reg.co.uk,304-276-5187,true,Charleston,WV,7/31/1983,0.167
496,Marcos,Beaumont,mbeaumontdr@sina.com.cn,325-855-1374,true,Abilene,TX,11/26/1969,0.025
497,Hunfredo,Furlonge,hfurlongeds@flavors.me,502-368-3628,false,Louisville,KY,9/16/1990,0.95
498,Wynn,Wesley,wwesleydt@zdnet.com,813-498-4600,false,Tampa,FL,5/22/1985,0.883
499,Irvin,Sprosson,isprossondu@aol.com,585-247-7459,false,Rochester,NY,7/16/1988,0.409
500,Brenda,De Zuani,bdezuanidv@clickbank.net,202-216-6311,false,Washington,DC,5/25/1955,0.733
501,Kevyn,Bentick,kbentickdw@ezinearticles.com,361-202-8983,false,Corpus Christi,TX,3/7/1953,0.058
502,Gavin,Bednall,gbednalldx@google.ru,701-783-5748,true,Fargo,ND,12/21/1969,0.852
503,Cindra,Cutmare,ccutmaredy@nifty.com,518-568-4775,false,Albany,NY,10/17/1974,0.061
504,Dorita,O'Crowley,docrowleydz@blogspot.com,862-687-5994,false,Paterson,NJ,3/22/1965,0.92
505,Dido,Walsh,dwalshe0@miitbeian.gov.cn,954-347-0352,false,Fort Lauderdale,FL,5/15/1987,0.102
506,Buck,Wolland,bwollande1@odnoklassniki.ru,615-227-9227,false,Nashville,TN,8/11/1989,0.4
507,Reina,Fackrell,rfackrelle2@jalbum.net,518-178-9082,true,Albany,NY,4/4/1951,0.344
508,Lilian,Van der Brug,lvanderbruge3@shareasale.com,979-290-4876,false,College Station,TX,4/6/1979,0.32
509,Doll,Mettericke,dmetterickee4@unc.edu,318-400-4528,true,Monroe,LA,5/30/2001,0.464
510,Waldemar,Ferrey,wferreye5@surveymonkey.com,954-653-7596,false,Miami,FL,5/20/1976,0.074
511,Callean,Del Dello,cdeldelloe6@dailymotion.com,813-990-7744,false,Tampa,FL,2/10/2000,0.465
512,Edgar,Lathom,elathome7@usgs.gov,772-800-9807,true,West Palm Beach,FL,7/10/1961,0.882
513,Heindrick,Shovel,hshovele8@amazon.co.jp,612-505-6228,false,Minneapolis,MN,8/15/1966,0.005
514,Lorry,Guerola,lguerolae9@mozilla.org,915-838-4890,false,El Paso,TX,12/2/1947,0.517
515,Carlye,Sodor,csodorea@harvard.edu,734-138-4710,true,Dearborn,MI,12/21/1969,0.211
516,Alphonso,Fenkel,afenkeleb@bloglovin.com,205-764-8227,true,Birmingham,AL,11/24/1985,0.693
517,Robinette,Mainson,rmainsonec@desdev.cn,703-870-3834,true,Alexandria,VA,1/1/1955,0.246
518,Melvyn,Mille,mmilleed@mozilla.com,901-431-6571,true,Memphis,TN,6/9/1950,0.726
519,Frannie,Plumley,fplumleyee@dmoz.org,563-476-6175,false,Davenport,IA,11/23/1996,0.041
520,Blake,Dumphries,bdumphriesef@privacy.gov.au,254-512-5093,false,Killeen,TX,3/5/1958,0.618
521,Salomone,Dorcey,sdorceyeg@thetimes.co.uk,520-740-0322,true,Tucson,AZ,10/20/1967,0.282
522,Harrison,Bradbeer,hbradbeereh@yale.edu,505-300-7405,false,Albuquerque,NM,2/23/1974,0.88
523,Konstance,Amberg,kambergei@dailymail.co.uk,619-822-8386,false,Chula Vista,CA,5/10/1998,0.883
524,Al,Boocock,aboocockej@tripadvisor.com,920-187-4024,false,Green Bay,WI,7/29/1962,0.14
525,Scarlet,Pietraszek,spietraszekek@photobucket.com,520-885-1209,false,Tucson,AZ,8/6/1994,0.196
526,Garrek,Muller,gmullerel@edublogs.org,203-410-3605,true,Waterbury,CT,7/2/1971,0.534
527,Carrie,Whitecross,cwhitecrossem@yelp.com,316-394-1569,false,Wichita,KS,4/8/1957,0.233
528,Gordon,Choppin,gchoppinen@i2i.jp,281-822-9817,true,Houston,TX,10/11/1953,0.051
529,Brande,Largan,blarganeo@imageshack.us,202-609-7086,true,Washington,DC,11/5/1988,0.319
530,Juline,Surcomb,jsurcombep@ft.com,251-277-6305,true,Mobile,AL,9/22/1952,0.143
531,Wain,Follows,wfollowseq@wufoo.com,251-601-1678,true,Mobile,AL,5/14/1998,0.127
532,Ulberto,Bigmore,ubigmoreer@infoseek.co.jp,337-609-6720,true,Lafayette,LA,2/19/1981,0.208
533,Jeanne,Pringell,jpringelles@sourceforge.net,504-935-0663,false,New Orleans,LA,6/26/1977,0.843
534,Jere,Reiglar,jreiglaret@howstuffworks.com,404-211-6866,true,Atlanta,GA,12/10/1987,0.984
535,Tedi,Simionato,tsimionatoeu@gravatar.com,817-810-4048,true,Fort Worth,TX,6/5/1970,0.044
536,Avis,Bigby,abigbyev@vistaprint.com,262-759-0662,false,Milwaukee,WI,1/12/1955,0.85
537,Georgianna,Lownie,glownieew@4shared.com,806-294-6717,false,Amarillo,TX,4/11/1961,0.324
538,Flinn,Keighley,fkeighleyex@sitemeter.com,919-477-7953,true,Raleigh,NC,1/21/1970,0.611
539,Siffre,Wilkes,swilkesey@purevolume.com,361-367-8622,true,Corpus Christi,TX,1/9/1980,0.053
540,Opaline,Flaunders,oflaundersez@addtoany.com,561-349-4865,false,Boca Raton,FL,12/9/1975,0.263
541,Cherice,Denge,cdengef0@newsvine.com,309-129-1006,true,Peoria,IL,8/19/1991,0.085
542,Carolynn,Panchin,cpanchinf1@soundcloud.com,202-887-0053,false,Washington,DC,4/1/1998,0.572
543,Sabrina,Wickmann,swickmannf2@exblog.jp,772-199-1724,true,Vero Beach,FL,2/18/1958,0.629
544,Lindi,Culshaw,lculshawf3@intel.com,724-545-2532,false,New Castle,PA,5/16/1983,0.556
545,Brena,Dionsetto,bdionsettof4@posterous.com,478-795-2740,false,Macon,GA,5/21/1987,0.186
546,Alon,Ropp,aroppf5@ox.ac.uk,520-283-8918,false,Tucson,AZ,7/20/1951,0.026
547,Willie,Iban,wibanf6@php.net,770-529-1387,true,Atlanta,GA,9/30/1985,0.641
548,Derril,Cackett,dcackettf7@phoca.cz,772-514-9424,true,Fort Pierce,FL,8/12/1971,0.472
549,Dorthea,Antonsson,dantonssonf8@usatoday.com,515-711-9564,true,Des Moines,IA,10/11/1974,0.07
550,Shae,Oddey,soddeyf9@google.com.hk,915-718-5541,true,El Paso,TX,3/10/1958,0.619
551,Henka,Tetford,htetfordfa@state.gov,972-616-0052,false,Mesquite,TX,12/4/1952,0.201
552,Emeline,Cable,ecablefb@usa.gov,909-930-2976,true,Pomona,CA,7/15/1979,0.344
553,Colan,Woodall,cwoodallfc@noaa.gov,814-982-5442,true,Erie,PA,4/12/1984,0.48
554,Luther,Juschke,ljuschkefd@utexas.edu,704-535-3559,false,Winston Salem,NC,1/30/1956,0.943
555,Tedmund,Corsor,tcorsorfe@tripadvisor.com,806-274-1306,true,Amarillo,TX,2/4/1979,0.678
556,Shel,Mallabon,smallabonff@mac.com,217-264-6304,true,Springfield,IL,12/25/1961,0.149
557,Marya,Yandle,myandlefg@cbslocal.com,912-746-8324,false,Savannah,GA,1/7/1995,0.735
558,Devland,Watsham,dwatshamfh@vimeo.com,337-265-2795,true,Lafayette,LA,7/1/1965,0.517
559,Noelyn,Varfalameev,nvarfalameevfi@netscape.com,706-418-8129,false,Columbus,GA,10/14/1966,0.706
560,Tate,Sockell,tsockellfj@weebly.com,201-828-6174,true,Jersey City,NJ,4/13/1979,0.857
561,Kristoforo,Ivanchov,kivanchovfk@arizona.edu,209-789-3978,true,Stockton,CA,9/21/1990,0.712
562,Chad,Humpage,chumpagefl@nature.com,720-475-6883,false,Littleton,CO,6/25/1984,0.462
563,Kip,Gerin,kgerinfm@nbcnews.com,913-593-4814,false,Kansas City,KS,7/13/1987,0.894
564,Daisi,Bahike,dbahikefn@people.com.cn,817-316-9898,false,Fort Worth,TX,9/7/1991,0.932
565,Philis,Sharkey,psharkeyfo@example.com,843-381-1518,true,Florence,SC,10/20/1952,0.516
566,Reinhard,Teasdale,rteasdalefp@ovh.net,202-283-4737,true,Washington,DC,2/17/1962,0.461
567,Aubrie,Thandi,athandifq@squidoo.com,714-452-2874,false,Fullerton,CA,8/15/1996,0.12
568,Mercedes,De Gregorio,mdegregoriofr@yale.edu,702-950-7546,false,Las Vegas,NV,4/11/1959,0.286
569,Pattie,Gisburn,pgisburnfs@mediafire.com,214-555-2537,true,Dallas,TX,4/30/1955,0.684
570,Belle,Hayle,bhayleft@yandex.ru,585-305-3125,true,Rochester,NY,9/4/1964,0.154
571,Curt,Batchelor,cbatchelorfu@usnews.com,702-107-5664,true,Las Vegas,NV,4/4/2000,0.922
572,Freddy,Cluelow,fcluelowfv@clickbank.net,718-195-8372,true,Brooklyn,NY,5/30/2001,0.447
573,Robena,Crigin,rcriginfw@dot.gov,646-203-9666,false,New York City,NY,3/9/1986,0.449
574,Millicent,Dederick,mdederickfx@wp.com,754-927-9841,true,Fort Lauderdale,FL,6/6/1964,0.261
575,Marlena,Scotcher,mscotcherfy@flickr.com,313-383-6521,false,Southfield,MI,6/3/1972,0.474
576,Jannel,Coode,jcoodefz@harvard.edu,540-824-2536,false,Roanoke,VA,4/14/1996,0.76
577,Pamella,Blakeman,pblakemang0@com.com,863-851-8123,true,Lakeland,FL,8/24/1956,0.627
578,Kelsey,Lehrer,klehrerg1@indiegogo.com,408-548-8933,false,San Jose,CA,2/18/1962,0.953
579,Bartolemo,Devenport,bdevenportg2@msu.edu,865-498-0007,false,Knoxville,TN,7/31/2000,0.29
580,Codie,Wones,cwonesg3@pbs.org,832-851-5753,false,Spring,TX,8/21/1991,0.557
581,Kay,Code,kcodeg4@irs.gov,718-552-2230,false,Jamaica,NY,2/9/1965,0.813
582,Frannie,Impy,fimpyg5@scientificamerican.com,281-724-0421,true,Katy,TX,4/29/1953,0.584
583,Yankee,Kail,ykailg6@4shared.com,269-499-5485,false,Kalamazoo,MI,5/24/1988,0.309
584,Chelsy,Fancott,cfancottg7@discuz.net,225-635-5229,true,Baton Rouge,LA,12/2/1974,0.571
585,Blisse,Ilsley,bilsleyg8@free.fr,512-204-7082,true,Austin,TX,7/25/1967,0.252
586,Ali,Enion,aeniong9@joomla.org,814-523-4623,false,Erie,PA,6/21/1972,0.395
587,Kayley,Charlick,kcharlickga@istockphoto.com,626-878-8830,false,Pasadena,CA,4/14/1979,0.729
588,Dennison,O' Liddy,doliddygb@wsj.com,570-583-7592,true,Scranton,PA,6/14/1979,0.353
589,Merilee,Morteo,mmorteogc@biblegateway.com,202-960-5760,true,Washington,DC,7/14/1993,0.999
590,Huntington,Kase,hkasegd@hibu.com,719-945-3666,false,Colorado Springs,CO,4/29/1963,0.766
591,Gardy,Rowbury,growburyge@sciencedirect.com,606-985-1760,false,London,KY,11/14/1982,0.104
592,Violette,Brinicombe,vbrinicombegf@psu.edu,361-674-9641,true,Corpus Christi,TX,1/28/1951,0.231
593,Gearard,Hapke,ghapkegg@chron.com,301-126-5293,false,Laurel,MD,2/17/1980,0.888
594,Marina,Cawtheray,mcawtheraygh@cmu.edu,214-217-0392,true,Dallas,TX,1/4/1955,0.512
595,Nicko,Barnish,nbarnishgi@eventbrite.com,904-962-4335,false,Jacksonville,FL,8/19/1960,0.104
596,Neile,Steely,nsteelygj@mapquest.com,517-568-7805,false,Lansing,MI,5/13/1989,0.9
597,Constanta,Buzek,cbuzekgk@domainmarket.com,615-517-8168,true,Nashville,TN,6/18/1971,0.746
598,Nonnah,Sare,nsaregl@hibu.com,860-887-5102,true,Hartford,CT,3/18/1948,0.814
599,Auroora,Clericoates,aclericoatesgm@naver.com,707-899-2009,false,Petaluma,CA,2/22/1970,0.398
600,Kelila,Phil,kphilgn@furl.net,304-395-7820,false,Charleston,WV,8/17/1964,0.545
601,Christoph,Barthorpe,cbarthorpego@thetimes.co.uk,407-803-3146,true,Kissimmee,FL,1/24/1992,0.617
602,Chevalier,Gatchel,cgatchelgp@examiner.com,816-588-6824,false,Kansas City,MO,3/8/1957,0.913
603,Mace,Bellis,mbellisgq@msu.edu,212-421-5880,true,New York City,NY,8/22/1975,0.855
604,Montgomery,Bartlomiejczyk,mbartlomiejczykgr@java.com,510-350-3853,false,Oakland,CA,12/25/1947,0.806
605,Val,Creus,vcreusgs@webmd.com,918-605-7281,true,Tulsa,OK,1/29/1997,0.799
606,Kathye,Kidney,kkidneygt@t-online.de,312-594-3358,true,Chicago,IL,10/17/1983,0.463
607,Montague,Maudlin,mmaudlingu@usgs.gov,916-614-0332,false,Sacramento,CA,6/24/1950,0.664
608,Cindra,Giacoppo,cgiacoppogv@nymag.com,303-745-5515,true,Boulder,CO,7/26/1960,0.12
609,Evonne,Shine,eshinegw@icio.us,520-379-1280,true,Tucson,AZ,12/17/1955,0.909
610,Leigha,Leere,lleeregx@yolasite.com,502-322-4186,false,Louisville,KY,9/16/1969,0.434
611,Laird,Dreini,ldreinigy@bravesites.com,615-339-9865,false,Nashville,TN,10/29/1994,0.133
612,Emelita,Gulland,egullandgz@stumbleupon.com,571-283-1214,false,Sterling,VA,9/7/1950,0.924
613,Sophronia,Forri,sforrih0@mtv.com,256-584-0680,true,Huntsville,AL,5/25/1994,0.725
614,Lynnet,Stickels,lstickelsh1@t-online.de,256-142-1856,false,Anniston,AL,11/4/1994,0.927
615,Gianna,Robertsson,grobertssonh2@illinois.edu,903-699-5369,true,Tyler,TX,1/23/1983,0.756
616,Renaud,Jopson,rjopsonh3@lulu.com,480-816-0901,false,Apache Junction,AZ,10/25/1948,0.975
617,Kaila,Djekic,kdjekich4@youku.com,773-967-8702,false,Chicago,IL,12/26/1994,0.754
618,Vonny,Tingey,vtingeyh5@ustream.tv,216-864-5226,false,Cleveland,OH,9/29/1981,0.385
619,Mair,Tabner,mtabnerh6@artisteer.com,202-326-7554,false,Washington,DC,4/2/1994,0.199
620,Ilyse,Wolpert,iwolperth7@slashdot.org,239-842-1893,false,Fort Myers,FL,11/28/1965,0.461
621,Rosalia,Battlestone,rbattlestoneh8@epa.gov,316-936-7527,false,Wichita,KS,2/18/1974,0.876
622,Sosanna,Shilstone,sshilstoneh9@purevolume.com,619-720-1878,true,San Diego,CA,9/20/1995,0.719
623,Elvyn,Bakhrushkin,ebakhrushkinha@printfriendly.com,214-844-3790,true,Dallas,TX,2/11/2001,0.571
624,Rowena,Kasper,rkasperhb@newsvine.com,808-511-6745,false,Honolulu,HI,6/16/1987,0.7
625,Theresina,Mosdall,tmosdallhc@feedburner.com,619-312-3712,false,San Diego,CA,5/23/1974,0.706
626,Tamqrah,Allmark,tallmarkhd@studiopress.com,601-338-4969,false,Jackson,MS,10/5/1966,0.475
627,Analise,Brimham,abrimhamhe@spotify.com,716-553-2324,false,Buffalo,NY,4/11/1982,0.529
628,Zorine,Shoosmith,zshoosmithhf@4shared.com,432-156-2579,false,Midland,TX,8/12/1983,0.329
629,Mariejeanne,Baddam,mbaddamhg@addtoany.com,936-264-6245,false,Huntsville,TX,12/25/1959,0.771
630,Patricia,Nystrom,pnystromhh@usatoday.com,405-924-5057,false,Oklahoma City,OK,1/15/2000,0.841
631,Marlyn,Copping,mcoppinghi@scribd.com,712-583-0323,true,Sioux City,IA,5/19/2001,0.794
632,Lillis,Speaks,lspeakshj@princeton.edu,503-872-4804,false,Portland,OR,3/8/2000,0.052
633,Genevieve,Marlon,gmarlonhk@multiply.com,610-591-9076,true,Allentown,PA,1/1/1955,0.12
634,Freddie,Phillimore,fphillimorehl@webeden.co.uk,419-610-9126,false,Toledo,OH,9/1/1972,0.693
635,Dannel,Rashleigh,drashleighhm@miibeian.gov.cn,650-934-6974,false,Mountain View,CA,6/13/1950,0.055
636,Joy,Polendine,jpolendinehn@skype.com,214-797-2682,false,Garland,TX,3/28/1959,0.03
637,Hagen,Gennerich,hgennerichho@altervista.org,617-684-0030,true,Cambridge,MA,12/19/1970,0.026
638,Norri,Rittmeier,nrittmeierhp@ameblo.jp,804-306-2306,true,Richmond,VA,3/13/1962,0.993
639,Goldarina,Gibbett,ggibbetthq@linkedin.com,305-558-0433,true,Miami Beach,FL,10/23/1997,0.092
640,Cortie,Meany,cmeanyhr@netlog.com,408-626-6890,true,San Jose,CA,3/5/1998,0.583
641,Hyacinthe,Dancey,hdanceyhs@telegraph.co.uk,202-566-1739,false,Washington,DC,3/22/1986,0.238
642,Haily,Crackel,hcrackelht@livejournal.com,517-640-0456,false,Lansing,MI,1/27/1983,0.834
643,Doralyn,Faltskog,dfaltskoghu@vkontakte.ru,512-139-8146,true,Austin,TX,11/2/1967,0.045
644,Isidor,Legonidec,ilegonidechv@nba.com,908-513-0257,false,Elizabeth,NJ,6/13/1964,0.379
645,Tamara,Whillock,twhillockhw@csmonitor.com,571-656-1402,true,Arlington,VA,5/21/1974,0.743
646,Adrien,Kippin,akippinhx@businessweek.com,434-320-0891,false,Durham,NC,1/25/1967,0.71
647,Winnie,Heggison,wheggisonhy@cdc.gov,469-689-7440,false,Dallas,TX,10/31/1951,0.367
648,Gert,Kenwright,gkenwrighthz@typepad.com,706-410-9657,false,Augusta,GA,11/28/1994,0.231
649,Yardley,Reen,yreeni0@sphinn.com,516-251-1034,true,New Hyde Park,NY,7/10/1983,0.909
650,Nikolaus,Bartlomiej,nbartlomieji1@comcast.net,314-391-9066,false,Saint Louis,MO,9/3/1985,0.663
651,Shelagh,Liddicoat,sliddicoati2@netscape.com,334-679-1744,true,Montgomery,AL,2/15/1965,0.102
652,Jasen,Zolini,jzolinii3@businessweek.com,901-291-6438,true,Memphis,TN,3/7/1990,0.54
653,Xerxes,Cullagh,xcullaghi4@ow.ly,408-638-2265,false,San Jose,CA,12/9/1990,0.986
654,Jo-anne,Fryers,jfryersi5@nasa.gov,617-825-4453,false,Boston,MA,7/15/1975,0.652
655,Eddie,Thickett,ethicketti6@nsw.gov.au,505-578-4977,false,Santa Fe,NM,9/3/1958,0.336
656,Janice,Lindell,jlindelli7@sphinn.com,210-949-3805,true,San Antonio,TX,1/25/1969,0.087
657,Bear,Rainy,brainyi8@simplemachines.org,843-618-8939,true,Charleston,SC,2/2/1972,0.108
658,Allis,Winslade,awinsladei9@google.co.jp,303-252-8074,false,Denver,CO,4/11/1970,0.237
659,Jordain,Sighard,jsighardia@yelp.com,336-272-6026,true,Winston Salem,NC,7/26/1955,0.222
660,Sharon,Trice,striceib@gnu.org,901-334-6384,false,Memphis,TN,1/19/1965,0.999
661,Celene,Cursey,ccurseyic@latimes.com,319-809-6447,false,Cedar Rapids,IA,5/22/2001,0.672
662,Hoebart,Fautly,hfautlyid@cocolog-nifty.com,408-515-2825,true,San Jose,CA,2/2/1954,0.503
663,Kesley,Taggerty,ktaggertyie@ox.ac.uk,678-576-1192,true,Atlanta,GA,8/15/2001,0.757
664,Ariadne,Knewstub,aknewstubif@chronoengine.com,212-498-3365,false,New York City,NY,5/1/1975,0.835
665,Maridel,Autrie,mautrieig@tinyurl.com,860-794-6019,true,Hartford,CT,11/29/1983,0.113
666,Benetta,Ritchings,britchingsih@sourceforge.net,303-562-9983,false,Denver,CO,3/25/1997,0.211
667,Lisle,Dreamer,ldreamerii@i2i.jp,317-840-8101,false,Indianapolis,IN,8/11/1987,0.14
668,Bridie,Planke,bplankeij@lulu.com,302-548-2396,false,Wilmington,DE,5/6/1967,0.625
669,Helen-elizabeth,Geraldez,hgeraldezik@usda.gov,316-437-5046,true,Wichita,KS,7/17/1986,0.34
670,Nanci,Paty,npatyil@bandcamp.com,714-446-0937,true,Newport Beach,CA,3/14/1995,0.171
671,Marlene,Dailly,mdaillyim@cpanel.net,919-132-8828,false,Raleigh,NC,8/26/1995,0.984
672,Aguste,Mattheeuw,amattheeuwin@sitemeter.com,215-147-6710,false,Philadelphia,PA,12/10/1965,0.354
673,Paolina,Aldritt,paldrittio@salon.com,209-484-2643,true,Visalia,CA,10/26/1967,0.418
674,Jeremie,Fantham,jfanthamip@vk.com,817-162-9963,false,Fort Worth,TX,12/15/1979,0.968
675,Tabbatha,Robjant,trobjantiq@1688.com,202-121-8927,false,Washington,DC,3/30/1999,0.364
676,Cordell,Giberd,cgiberdir@weibo.com,212-544-0517,false,New York City,NY,12/9/1999,0.939
677,Dickie,Harmstone,dharmstoneis@soundcloud.com,419-720-5625,false,Toledo,OH,9/1/1965,0.65
678,Anne,Jimenez,ajimenezit@plala.or.jp,504-375-5919,true,New Orleans,LA,6/10/1992,0.576
679,Marlena,Stoffels,mstoffelsiu@zimbio.com,850-661-8104,true,Tallahassee,FL,7/5/1972,0.956
680,Tobe,Leith-Harvey,tleithharveyiv@artisteer.com,915-402-1566,true,El Paso,TX,4/24/1957,0.953
681,Gery,Trodler,gtrodleriw@google.ru,808-604-3861,false,Honolulu,HI,8/13/1953,0.959
682,Joey,Alvarez,jalvarezix@disqus.com,937-216-0460,false,Dayton,OH,7/11/1959,0.74
683,Malory,Turgoose,mturgooseiy@comsenz.com,503-742-4023,true,Portland,OR,12/3/1967,0.601
684,Jarib,Pree,jpreeiz@baidu.com,714-501-8888,true,Irvine,CA,3/15/1951,0.816
685,Sibel,Bleaden,sbleadenj0@nasa.gov,205-203-2217,false,Birmingham,AL,2/1/1948,0.696
686,Mildred,Savatier,msavatierj1@geocities.jp,423-779-1311,false,Johnson City,TN,12/5/1987,0.555
687,Yves,Bastable,ybastablej2@purevolume.com,619-753-4271,false,San Diego,CA,9/21/1973,0.779
688,Marlyn,Craxford,mcraxfordj3@issuu.com,916-332-1018,false,Sacramento,CA,4/29/1998,0.837
689,Ted,Tregenza,ttregenzaj4@github.io,571-696-0138,false,Ashburn,VA,2/24/1979,0.754
690,Halli,O' Lone,holonej5@godaddy.com,240-792-6431,false,Frederick,MD,8/28/1988,0.959
691,Peggi,Nesfield,pnesfieldj6@washington.edu,651-394-4732,false,Saint Paul,MN,12/6/1988,0.458
692,Aimee,Giffon,agiffonj7@boston.com,510-481-9536,true,Richmond,CA,10/21/1986,0.568
693,Faulkner,MacNeilage,fmacneilagej8@fda.gov,469-866-2637,true,Garland,TX,1/26/1972,0.018
694,Brooks,Mead,bmeadj9@histats.com,915-315-3486,false,El Paso,TX,12/13/1969,0.278
695,Wallis,Ebourne,webourneja@usa.gov,864-111-3909,true,Greenville,SC,10/7/1997,0.377
696,Sylvia,Hail,shailjb@ocn.ne.jp,253-220-2014,true,Tacoma,WA,9/20/1948,0.022
697,Hardy,Peetermann,hpeetermannjc@who.int,816-286-0300,true,Lees Summit,MO,5/7/1982,0.626
698,Moria,Allinson,mallinsonjd@elegantthemes.com,405-870-1008,true,Oklahoma City,OK,11/3/1962,0.216
699,Ania,Proswell,aproswellje@soup.io,253-381-7647,true,Tacoma,WA,7/28/1954,0.507
700,Dewain,Pollak,dpollakjf@jigsy.com,213-420-2072,false,Van Nuys,CA,6/28/1961,0.352
701,Robinetta,Battram,rbattramjg@amazon.de,717-112-1552,true,Harrisburg,PA,3/9/1951,0.129
702,Brocky,Annets,bannetsjh@gmpg.org,410-714-7264,true,Silver Spring,MD,5/15/1965,0.651
703,Park,Trevillion,ptrevillionji@sfgate.com,919-404-4327,true,Raleigh,NC,3/3/1989,0.632
704,Bonni,Inder,binderjj@aol.com,408-783-2627,true,Sunnyvale,CA,6/11/1956,0.753
705,Lou,O' Quirk,loquirkjk@ustream.tv,970-697-7785,true,Fort Collins,CO,1/25/1992,0.54
706,Ulric,Forshaw,uforshawjl@wikia.com,310-642-6865,true,Torrance,CA,7/18/1989,0.949
707,Cointon,Shankle,cshanklejm@sfgate.com,713-865-3447,false,Houston,TX,9/4/1990,0.306
708,Pippo,Tooher,ptooherjn@oakley.com,402-966-8204,false,Omaha,NE,6/19/1978,0.836
709,Felice,Thring,fthringjo@amazon.de,415-312-4828,false,San Francisco,CA,7/25/1993,0.662
710,Hayden,Goalley,hgoalleyjp@ihg.com,815-831-2040,true,Rockford,IL,5/2/1964,0.541
711,Lacie,Hovard,lhovardjq@sina.com.cn,904-390-7574,false,Jacksonville,FL,7/7/1979,0.602
712,Kacey,Mockett,kmockettjr@wisc.edu,281-554-8344,true,Houston,TX,11/14/1977,0.435
713,Luis,Cottesford,lcottesfordjs@example.com,205-346-2446,false,Birmingham,AL,12/12/1974,0.351
714,Kenton,Scandred,kscandredjt@sphinn.com,330-106-4208,true,Akron,OH,5/1/1961,0.912
715,Reina,Timperley,rtimperleyju@cyberchimps.com,313-868-8295,false,Detroit,MI,8/28/1982,0.759
716,Trumann,Shepperd,tshepperdjv@taobao.com,801-950-2856,false,Salt Lake City,UT,3/2/1973,0.671
717,Allyn,Gossop,agossopjw@mit.edu,217-896-8317,true,Springfield,IL,8/28/1971,0.701
718,Ky,Hymor,khymorjx@harvard.edu,208-532-7726,false,Idaho Falls,ID,8/10/2001,0.623
719,Haze,Marple,hmarplejy@cam.ac.uk,608-715-5623,true,Madison,WI,2/5/1997,0.669
720,Georgie,Gerasch,ggeraschjz@ucla.edu,603-659-1400,false,Portsmouth,NH,3/28/1957,0.878
721,Roberta,Palle,rpallek0@guardian.co.uk,602-747-4864,true,Phoenix,AZ,7/24/1979,0.684
722,Reynolds,Truin,rtruink1@nba.com,919-220-4308,true,Raleigh,NC,8/12/2001,0.219
723,Leese,Kettoe,lkettoek2@sourceforge.net,404-859-5703,true,Atlanta,GA,1/31/1948,0.833
724,Aylmar,McCombe,amccombek3@cocolog-nifty.com,562-108-1082,false,Long Beach,CA,8/29/1998,0.975
725,Carmine,Jenik,cjenikk4@google.com,850-910-1503,false,Pensacola,FL,10/5/1948,0.448
726,Vaclav,Scrimshaw,vscrimshawk5@feedburner.com,302-139-2771,false,Wilmington,DE,3/6/1971,0.738
727,Jillene,McCroft,jmccroftk6@hexun.com,480-617-2840,true,Phoenix,AZ,5/23/1998,0.927
728,Erin,Bax,ebaxk7@about.com,817-548-3626,false,Fort Worth,TX,3/22/1999,0.527
729,Leisha,Houseman,lhousemank8@people.com.cn,979-340-5045,true,Bryan,TX,12/31/1998,0.495
730,Chevalier,Powner,cpownerk9@ebay.co.uk,317-823-6629,false,Indianapolis,IN,7/10/1980,0.913
731,Aube,Jeste,ajesteka@fastcompany.com,210-230-2726,true,San Antonio,TX,6/11/1959,0.17
732,Lynde,Westwood,lwestwoodkb@eepurl.com,702-668-3413,false,Henderson,NV,12/9/1982,0.714
733,Jacquelin,Backshall,jbackshallkc@booking.com,786-169-8565,false,Miami,FL,12/21/1950,0.385
734,Francois,Haugh,fhaughkd@slate.com,405-730-5882,true,Oklahoma City,OK,12/13/1973,0.142
735,Nicolea,Pikesley,npikesleyke@springer.com,918-791-3093,true,Tulsa,OK,8/18/1964,0.887
736,Nikkie,Oxtarby,noxtarbykf@xrea.com,626-175-8502,false,Pasadena,CA,5/31/1950,0.957
737,Christan,Wix,cwixkg@sogou.com,719-906-4558,true,Colorado Springs,CO,9/21/1949,0.122
738,Gibby,Read,greadkh@bluehost.com,915-131-4825,false,El Paso,TX,4/27/1988,0.717
739,Lanita,Candwell,lcandwellki@indiatimes.com,714-715-9184,false,Orange,CA,12/20/1987,0.147
740,Lizette,Fessions,lfessionskj@mapquest.com,559-509-8274,false,Fresno,CA,3/8/1981,0.804
741,Gwennie,Mougeot,gmougeotkk@businesswire.com,202-331-0556,true,Washington,DC,10/22/1948,0.835
742,Bertine,Minocchi,bminocchikl@eepurl.com,561-979-9151,false,Delray Beach,FL,7/14/1970,0.77
743,Philippe,Dederick,pdederickkm@patch.com,808-253-0424,false,Honolulu,HI,4/5/1955,0.203
744,Norman,Ritmeier,nritmeierkn@reverbnation.com,571-895-0875,false,Arlington,VA,11/27/1966,0.648
745,Nellie,Canwell,ncanwellko@dropbox.com,208-672-5317,false,Boise,ID,10/13/1966,0.693
746,Rodina,Watting,rwattingkp@example.com,661-276-3871,true,Burbank,CA,11/17/1994,0.619
747,Berne,Lamble,blamblekq@deliciousdays.com,402-277-4237,false,Omaha,NE,9/10/1969,0.094
748,Jareb,Spellward,jspellwardkr@bbc.co.uk,806-538-4574,true,Lubbock,TX,3/9/1987,0.385
749,Mildrid,Suggate,msuggateks@go.com,404-766-9729,false,Atlanta,GA,6/22/1987,0.045
750,Granville,Chatterton,gchattertonkt@issuu.com,845-990-1690,true,White Plains,NY,8/28/1966,0.4
751,Junia,Tschirasche,jtschirascheku@dmoz.org,414-585-5048,false,Milwaukee,WI,11/10/1961,0.19
752,Bernardina,Connah,bconnahkv@hibu.com,626-445-8397,false,Alhambra,CA,10/9/1993,0.932
753,Raviv,Fullard,rfullardkw@globo.com,757-284-4470,false,Virginia Beach,VA,3/30/1951,0.362
754,Elspeth,Farraway,efarrawaykx@noaa.gov,203-276-5587,true,Danbury,CT,11/10/1979,0.164
755,Appolonia,Rohloff,arohloffky@wordpress.com,405-272-7547,false,Oklahoma City,OK,8/21/1985,0.421
756,Ailyn,Mackerness,amackernesskz@apple.com,517-954-6815,false,Lansing,MI,11/30/1950,0.934
757,Deeanne,Probet,dprobetl0@a8.net,262-467-7840,false,Milwaukee,WI,12/6/1977,0.666
758,Lil,Todman,ltodmanl1@dailymotion.com,336-814-1119,true,Greensboro,NC,8/23/1983,0.805
759,Wylie,Dulinty,wdulintyl2@ed.gov,574-694-2082,false,South Bend,IN,3/19/1992,0.492
760,Tony,Demanche,tdemanchel3@google.ru,952-970-8095,true,Young America,MN,3/10/1963,0.818
761,Gauthier,Sauvage,gsauvagel4@accuweather.com,206-889-2623,true,Seattle,WA,1/3/1963,0.09
762,Chandra,Blunsden,cblunsdenl5@jiathis.com,646-657-4096,true,New York City,NY,11/15/1948,0.158
763,Conant,Way,cwayl6@state.gov,904-258-9003,true,Jacksonville,FL,1/1/1962,0.133
764,Roobbie,Chezelle,rchezellel7@youtube.com,512-228-2760,false,Austin,TX,6/15/1960,0.952
765,Audi,Origin,aoriginl8@elegantthemes.com,727-457-4298,true,Largo,FL,10/21/1991,0.605
766,Virgie,Totman,vtotmanl9@wiley.com,205-222-5955,true,Birmingham,AL,11/3/1997,0.859
767,Douglass,Strangeways,dstrangewaysla@hatena.ne.jp,832-763-8686,false,Houston,TX,4/24/1957,0.884
768,Concordia,Gartery,cgarterylb@globo.com,928-293-6385,true,Mesa,AZ,8/7/1958,0.821
769,Rees,Nicholl,rnicholllc@skype.com,850-282-0079,true,Pensacola,FL,11/30/2000,0.164
770,Hayley,Brotherton,hbrothertonld@telegraph.co.uk,973-418-4628,false,Newark,NJ,8/6/1983,0.542
771,Hunfredo,Tures,hturesle@live.com,971-663-4899,true,Portland,OR,6/13/1952,0.42
772,Hewie,Hintze,hhintzelf@booking.com,336-223-4589,false,Greensboro,NC,6/22/1983,0.326
773,Ardys,Wilson,awilsonlg@bandcamp.com,941-791-2197,true,Punta Gorda,FL,2/27/1991,0.27
774,Cari,Buckner,cbucknerlh@comsenz.com,302-183-8060,true,Wilmington,DE,5/11/1981,0.369
775,Adolphus,Leece,aleeceli@phoca.cz,586-661-5611,true,Detroit,MI,1/23/1962,0.818
776,Alexis,Gladwish,agladwishlj@howstuffworks.com,432-991-0982,true,Midland,TX,2/19/1984,0.762
777,Mariellen,Tigwell,mtigwelllk@princeton.edu,317-643-8718,true,Indianapolis,IN,12/19/1998,0.492
778,Salomo,Hegge,sheggell@quantcast.com,646-755-9855,true,New York City,NY,4/20/1988,0.607
779,Yetta,Dominicacci,ydominicaccilm@mediafire.com,504-392-5951,true,New Orleans,LA,2/5/1952,0.434
780,Alfy,Pitford,apitfordln@princeton.edu,515-106-0453,false,Des Moines,IA,5/11/1965,0.701
781,Jemima,Cuskery,jcuskerylo@ameblo.jp,702-902-2666,false,Las Vegas,NV,1/5/1966,0.852
782,Stearn,McDermott-Row,smcdermottrowlp@dmoz.org,704-414-8471,false,Charlotte,NC,9/6/1961,0.517
783,Lexie,Shearwood,lshearwoodlq@istockphoto.com,310-441-2024,false,Santa Monica,CA,7/29/1999,0.787
784,Leona,Browncey,lbrownceylr@miitbeian.gov.cn,916-661-1449,false,Sacramento,CA,7/11/1990,0.964
785,Anthia,Cisar,acisarls@hostgator.com,315-726-2238,false,Syracuse,NY,11/29/1986,0.868
786,Doll,Haxell,dhaxelllt@census.gov,806-629-3202,false,Lubbock,TX,6/7/2002,0.331
787,Horatia,Durrand,hdurrandlu@friendfeed.com,303-627-3964,false,Denver,CO,8/25/1969,0.293
788,Jacquie,Zammitt,jzammittlv@nifty.com,804-742-5046,true,Hampton,VA,6/11/1964,0.641
789,Lazaro,How to preserve,lhowtopreservelw@redcross.org,718-533-2731,true,Staten Island,NY,5/11/1982,0.033
790,Cirillo,Khotler,ckhotlerlx@sakura.ne.jp,505-866-1626,true,Santa Fe,NM,5/13/1949,0.309
791,Avie,McBratney,amcbratneyly@hhs.gov,724-107-1352,true,Pittsburgh,PA,10/7/1972,0.99
792,Salomi,Haggus,shagguslz@goo.ne.jp,915-691-0719,true,El Paso,TX,3/10/1984,0.671
793,Theodor,Iacomelli,tiacomellim0@cloudflare.com,208-423-5701,true,Pocatello,ID,12/20/1981,0.816
794,Dukie,Bugler,dbuglerm1@seattletimes.com,678-205-5899,false,Lawrenceville,GA,4/15/1978,0.439
795,Yoko,Gear,ygearm2@cpanel.net,513-148-4019,false,Dayton,OH,8/1/1975,0.884
796,Horatius,Readings,hreadingsm3@chron.com,321-916-8531,false,Melbourne,FL,9/3/1961,0.22
797,Gilemette,Schriren,gschrirenm4@ehow.com,626-209-1335,true,Corona,CA,6/6/1988,0.226
798,Reggis,Sennett,rsennettm5@bigcartel.com,806-142-2407,false,Amarillo,TX,10/7/1991,0.018
799,Belita,Rizzone,brizzonem6@drupal.org,718-629-2653,false,Bronx,NY,6/23/1988,0.86
800,Ruperto,Woodington,rwoodingtonm7@ted.com,801-914-3166,false,Salt Lake City,UT,3/8/1981,0.164
801,Arther,Wilcher,awilcherm8@nydailynews.com,469-364-4060,true,Dallas,TX,12/12/1974,0.298
802,Domenico,Aizikovitch,daizikovitchm9@goo.ne.jp,650-526-4658,false,San Francisco,CA,12/10/1970,0.271
803,Vinny,Chansonne,vchansonnema@whitehouse.gov,414-651-4819,false,Milwaukee,WI,7/3/1971,0.902
804,Allyn,Whordley,awhordleymb@topsy.com,954-104-1927,true,Hollywood,FL,6/16/2000,0.969
805,Dannel,Tomsa,dtomsamc@usa.gov,405-590-8337,false,Oklahoma City,OK,7/25/1970,0.578
806,Lida,Bidwell,lbidwellmd@weibo.com,719-814-6096,false,Pueblo,CO,10/10/1986,0.233
807,Granny,Habbergham,ghabberghamme@rakuten.co.jp,315-200-2902,true,Syracuse,NY,9/10/1997,0.862
808,Alysia,Stracey,astraceymf@intel.com,785-260-2560,true,Topeka,KS,3/9/1954,0.506
809,Dilly,Cleaves,dcleavesmg@illinois.edu,402-212-5742,false,Omaha,NE,3/23/1982,0.204
810,Jock,Cogman,jcogmanmh@answers.com,530-256-0805,true,Sacramento,CA,3/6/1949,0.966
811,Dolli,Saffell,dsaffellmi@nih.gov,773-992-6231,false,Chicago,IL,10/12/1953,0.868
812,Lyndel,Kasperski,lkasperskimj@bloglovin.com,347-608-1179,true,Brooklyn,NY,2/29/1980,0.553
813,Burl,Wimsett,bwimsettmk@wikispaces.com,404-672-7010,false,Atlanta,GA,6/6/1961,0.359
814,Carleen,Gammon,cgammonml@amazon.com,818-622-7606,true,Los Angeles,CA,6/25/1957,0.875
815,Garvy,Ridsdole,gridsdolemm@furl.net,706-116-1918,true,Columbus,GA,7/8/1981,0.88
816,Moina,Sturton,msturtonmn@walmart.com,214-878-2403,false,Dallas,TX,10/1/1985,0.719
817,Inesita,Kiehne,ikiehnemo@goodreads.com,410-687-2368,false,Laurel,MD,9/8/1947,0.298
818,Gilly,Scouse,gscousemp@bandcamp.com,510-854-3065,false,Berkeley,CA,10/16/1991,0.777
819,Irene,Troy,itroymq@bloglines.com,732-128-1417,true,New Brunswick,NJ,11/6/1975,0.038
820,Melodee,Wyche,mwychemr@wikimedia.org,904-392-6310,false,Saint Augustine,FL,7/3/1949,0.095
821,Pam,Caukill,pcaukillms@nih.gov,520-849-1616,false,Tucson,AZ,3/3/1967,0.936
822,Prince,Klamp,pklampmt@prnewswire.com,515-702-7186,false,Des Moines,IA,8/18/2001,0.15
823,Jacky,Lockett,jlockettmu@cdc.gov,903-531-1403,false,Tyler,TX,5/13/1993,0.205
824,Tommi,Warhurst,twarhurstmv@prlog.org,586-120-7144,true,Detroit,MI,10/5/1972,0.588
825,Ardyth,Wreakes,awreakesmw@amazonaws.com,469-677-8456,true,Dallas,TX,5/22/1974,0.58
826,Duff,Deackes,ddeackesmx@microsoft.com,401-696-5699,true,Providence,RI,9/10/1990,0.71
827,Jefferson,Effnert,jeffnertmy@last.fm,404-670-6829,false,Atlanta,GA,1/23/1953,0.853
828,Elli,Wernham,ewernhammz@bbb.org,718-946-8631,true,Brooklyn,NY,3/23/1973,0.231
829,Kenton,Simonyi,ksimonyin0@alibaba.com,505-213-5611,true,Albuquerque,NM,9/4/1984,0.748
830,Gardie,Oki,gokin1@nba.com,864-473-7136,true,Spartanburg,SC,9/1/1970,0.559
831,Dorene,Medlicott,dmedlicottn2@lulu.com,215-623-0750,false,Philadelphia,PA,8/19/1958,0.936
832,Merola,Stut,mstutn3@nasa.gov,646-996-3251,false,New York City,NY,12/25/2000,0.182
833,Courtney,Giovannilli,cgiovannillin4@mit.edu,251-532-9075,false,Mobile,AL,2/23/1993,0.056
834,Vivyan,Pharo,vpharon5@mysql.com,619-454-0626,true,San Diego,CA,4/28/1995,0.823
835,Cornela,Moir,cmoirn6@fc2.com,517-110-3635,false,Lansing,MI,6/20/1963,0.571
836,Augustin,Shortcliffe,ashortcliffen7@behance.net,863-857-9622,true,Lakeland,FL,4/19/1980,0.789
837,Peg,Dacks,pdacksn8@xrea.com,248-757-5729,true,Farmington,MI,10/10/1960,0.523
838,Ernst,Croson,ecrosonn9@google.com.hk,757-747-8703,true,Newport News,VA,7/6/1979,0.067
839,Debbi,Buckie,dbuckiena@mtv.com,727-220-7506,true,Clearwater,FL,5/19/1995,0.059
840,Murial,Luto,mlutonb@hud.gov,682-626-0566,false,Fort Worth,TX,5/18/1975,0.372
841,Dannye,Doubrava,ddoubravanc@livejournal.com,714-682-9692,true,Fullerton,CA,12/29/1972,0.334
842,Marlon,Conaboy,mconaboynd@vkontakte.ru,510-784-4654,true,Oakland,CA,11/6/1986,0.317
843,Toddy,Tullot,ttullotne@ovh.net,910-442-7539,false,Wilmington,NC,12/15/1988,0.75
844,Nickolai,Wippermann,nwippermannnf@reddit.com,909-522-1195,true,Pomona,CA,2/23/1988,0.219
845,Burlie,Shemelt,bshemeltng@ehow.com,812-567-8121,true,Evansville,IN,4/21/1966,0.317
846,Vonny,Butter,vbutternh@artisteer.com,256-309-1153,true,Huntsville,AL,8/13/1967,0.737
847,Tani,Bascomb,tbascombni@rediff.com,312-336-6663,false,Schaumburg,IL,7/1/1966,0.601
848,Ange,Eastment,aeastmentnj@hostgator.com,817-333-3935,false,Fort Worth,TX,6/20/1989,0.818
849,Carley,Game,cgamenk@barnesandnoble.com,305-881-9609,true,Hollywood,FL,1/11/1988,0.241
850,Tucker,Nunes Nabarro,tnunesnabarronl@wikipedia.org,918-508-9278,true,Tulsa,OK,4/14/1956,0.386
851,Darsey,Ionnidis,dionnidisnm@amazonaws.com,504-910-2233,false,New Orleans,LA,3/12/1994,0.057
852,Darcy,Crathern,dcrathernnn@storify.com,818-627-8308,false,North Hollywood,CA,11/20/1961,0.69
853,Orelie,Boam,oboamno@google.ru,210-477-5428,true,San Antonio,TX,9/7/1985,0.819
854,Vida,Ganniclifft,vganniclifftnp@tumblr.com,727-203-7458,true,Saint Petersburg,FL,12/1/1966,0.397
855,Nial,McConnulty,nmcconnultynq@over-blog.com,432-589-0351,true,Odessa,TX,1/25/1957,0.253
856,Griswold,Fearnside,gfearnsidenr@independent.co.uk,713-115-6537,true,Houston,TX,9/7/1986,0.4
857,Vasily,Drews,vdrewsns@surveymonkey.com,415-958-0067,false,San Rafael,CA,8/1/1978,0.879
858,Karlee,Duffett,kduffettnt@dyndns.org,512-621-3930,false,Austin,TX,3/30/1989,0.878
859,Annmaria,Seabourne,aseabournenu@latimes.com,210-692-4840,false,San Antonio,TX,7/29/1971,0.9
860,Wilek,Bennellick,wbennellicknv@nature.com,701-753-1556,false,Grand Forks,ND,12/10/1999,0.104
861,Jammie,MacMeeking,jmacmeekingnw@cargocollective.com,773-545-4042,false,Chicago,IL,5/23/1967,0.872
862,Anetta,Sneyd,asneydnx@ted.com,404-940-5433,false,Atlanta,GA,11/14/1951,0.099
863,Earl,Lardez,elardezny@w3.org,423-271-7994,true,Chattanooga,TN,10/28/1962,0.985
864,Christopher,Cuchey,ccucheynz@hibu.com,740-730-5862,true,Columbus,OH,5/26/1982,0.129
865,Jeanne,Kiessel,jkiesselo0@scientificamerican.com,704-179-0544,true,Charlotte,NC,3/15/1969,0.618
866,Tabby,Tranfield,ttranfieldo1@multiply.com,612-284-3527,false,Minneapolis,MN,9/16/2000,0.531
867,Abe,Leroy,aleroyo2@prweb.com,813-485-3760,false,Tampa,FL,9/1/1972,0.627
868,Efren,Bein,ebeino3@reuters.com,512-702-6639,true,Austin,TX,11/23/1985,0.329
869,Velma,Parsons,vparsonso4@blogtalkradio.com,207-632-8567,true,Portland,ME,4/28/1997,0.728
870,Roscoe,Dennert,rdennerto5@hp.com,718-722-0311,false,Brooklyn,NY,10/13/1990,0.306
871,Evangelia,Taudevin,etaudevino6@geocities.jp,313-854-8397,false,Detroit,MI,7/7/1950,0.74
872,Verge,Bluschke,vbluschkeo7@biblegateway.com,806-550-1490,false,Amarillo,TX,5/7/1969,0.15
873,Sheila-kathryn,Suscens,ssuscenso8@lycos.com,269-615-4315,true,Kalamazoo,MI,11/8/1954,0.901
874,Anatollo,Ferens,aferenso9@mac.com,812-392-1022,true,Evansville,IN,10/1/1992,0.933
875,Konstantine,Clemmitt,kclemmittoa@tuttocitta.it,913-915-0872,false,Kansas City,KS,4/17/1984,0.973
876,Shell,Androsik,sandrosikob@merriam-webster.com,419-165-7298,true,Toledo,OH,9/3/1974,0.348
877,Vassili,Greenhowe,vgreenhoweoc@sciencedirect.com,513-121-2125,false,Cincinnati,OH,12/15/1947,0.959
878,Orton,Park,oparkod@marketwatch.com,323-648-2125,false,Long Beach,CA,1/22/1975,0.918
879,Inglis,Lovelady,iloveladyoe@prlog.org,907-894-6649,false,Anchorage,AK,3/23/1970,0.506
880,Nessie,Coke,ncokeof@squidoo.com,512-239-1694,false,Austin,TX,4/2/1982,0.286
881,Blinnie,Cheyney,bcheyneyog@is.gd,763-633-5615,false,Minneapolis,MN,1/9/1981,0.399
882,Bee,Corbie,bcorbieoh@live.com,989-403-1088,true,Saginaw,MI,5/24/1969,0.987
883,Leticia,Bazelle,lbazelleoi@myspace.com,785-298-2970,true,Topeka,KS,2/24/1996,0.198
884,Marcellina,Wildsmith,mwildsmithoj@acquirethisname.com,216-751-1601,true,Cleveland,OH,5/15/1986,0.619
885,Arte,McNeish,amcneishok@angelfire.com,704-122-4479,true,Charlotte,NC,8/4/1982,0.549
886,Gelya,MacFie,gmacfieol@unesco.org,260-577-2199,true,Fort Wayne,IN,5/1/2001,0.811
887,Richmond,Osan,rosanom@4shared.com,215-776-1191,false,Philadelphia,PA,7/13/1972,0.99
888,Alfonse,Wesker,aweskeron@newsvine.com,214-876-4417,false,Arlington,TX,2/21/1959,0.978
889,Dael,Melhuish,dmelhuishoo@tmall.com,267-336-8544,true,Philadelphia,PA,1/17/1977,0.914
890,Genny,Esch,geschop@lulu.com,804-445-8847,false,Richmond,VA,2/4/1960,0.644
891,Brandtr,Terrington,bterringtonoq@imageshack.us,814-856-2079,false,Erie,PA,3/12/1965,0.424
892,Amaleta,Seekings,aseekingsor@spiegel.de,818-962-0679,true,Los Angeles,CA,2/14/1963,0.462
893,Meara,Grumley,mgrumleyos@google.ru,754-130-3832,false,Fort Lauderdale,FL,3/30/1977,0.829
894,Camilla,Jerdon,cjerdonot@blinklist.com,412-609-5391,false,Pittsburgh,PA,10/27/1983,0.904
895,Lana,Petegre,lpetegreou@360.cn,573-274-4355,false,Jefferson City,MO,7/28/1985,0.256
896,Kalli,Mityashin,kmityashinov@sciencedirect.com,206-385-3706,false,Seattle,WA,5/19/1971,0.022
897,Abie,Betty,abettyow@ucoz.com,937-903-5389,false,Dayton,OH,8/8/1981,0.246
898,Cyril,Pringell,cpringellox@com.com,682-435-9003,true,Fort Worth,TX,8/24/1975,0.041
899,Tessi,Gillebride,tgillebrideoy@stanford.edu,813-126-9147,false,Tampa,FL,9/7/1955,0.968
900,Pate,Curmi,pcurmioz@dropbox.com,817-338-8499,false,Fort Worth,TX,8/25/1990,0.56
901,Riobard,Lujan,rlujanp0@stanford.edu,208-193-3157,true,Boise,ID,3/26/1958,0.678
902,Cinda,Chettle,cchettlep1@reuters.com,404-135-9631,true,Atlanta,GA,5/2/1973,0.246
903,Sukey,Doggerell,sdoggerellp2@123-reg.co.uk,702-428-2133,false,Las Vegas,NV,9/18/1958,0.967
904,Michele,Blazejewski,mblazejewskip3@comcast.net,716-682-4762,false,Buffalo,NY,10/24/1960,0.412
905,Ron,Grabeham,rgrabehamp4@weebly.com,336-745-0861,false,Greensboro,NC,8/30/1956,0.245
906,Harland,Zamora,hzamorap5@chron.com,513-556-3648,false,Cincinnati,OH,11/23/1984,0.705
907,Boyce,Josefson,bjosefsonp6@cisco.com,785-582-9639,true,Topeka,KS,8/18/1985,0.353
908,Lemmie,Vedenyapin,lvedenyapinp7@arstechnica.com,330-364-1465,false,Youngstown,OH,11/9/1947,0.867
909,Florina,Godfrey,fgodfreyp8@nps.gov,803-522-7924,false,Aiken,SC,4/24/1957,0.16
910,Dolf,McCraine,dmccrainep9@booking.com,713-210-5787,true,Arlington,TX,10/4/1976,0.073
911,Pia,Finneran,pfinneranpa@springer.com,618-522-5698,true,East Saint Louis,IL,12/14/1995,0.011
912,Jana,Wedmore,jwedmorepb@google.pl,915-480-0104,true,El Paso,TX,9/18/1956,0.765
913,Suellen,Neward,snewardpc@privacy.gov.au,702-692-0911,true,Henderson,NV,9/1/1993,0.676
914,Lorry,Kynett,lkynettpd@uiuc.edu,202-392-9138,true,Washington,DC,4/17/2000,0.973
915,Jeni,Garfirth,jgarfirthpe@sun.com,225-382-1258,true,Baton Rouge,LA,11/2/2000,0.695
916,Kristel,Cantillon,kcantillonpf@google.fr,410-525-9467,true,Baltimore,MD,6/10/1950,0.499
917,Barnebas,Ravenscraft,bravenscraftpg@dagondesign.com,314-555-3815,false,Saint Louis,MO,1/6/1985,0.532
918,Lindie,Ivanenkov,livanenkovph@harvard.edu,318-603-0804,false,Shreveport,LA,8/14/1961,0.614
919,Porter,Toby,ptobypi@amazon.de,585-966-7446,true,Rochester,NY,12/9/1963,0.599
920,Kellsie,Coleshill,kcoleshillpj@friendfeed.com,757-559-2356,true,Chesapeake,VA,5/4/1986,0.006
921,Alain,Coy,acoypk@bbb.org,646-121-5844,true,New York City,NY,10/16/1970,0.618
922,Berty,Greep,bgreeppl@vistaprint.com,405-371-8352,false,Oklahoma City,OK,9/23/1957,0.71
923,Hilda,Dunsire,hdunsirepm@ovh.net,310-632-5777,true,Santa Monica,CA,5/10/1995,0.874
924,Analise,Passfield,apassfieldpn@naver.com,267-227-9705,true,Philadelphia,PA,4/9/2000,0.633
925,Barby,Anton,bantonpo@icq.com,952-585-9121,true,Young America,MN,1/13/1977,0.834
926,Theo,Reily,treilypp@youtu.be,302-894-2303,false,Wilmington,DE,7/3/1951,0.397
927,Ceciley,Went,cwentpq@accuweather.com,702-847-3968,true,Santa Barbara,CA,2/19/2001,0.112
928,Niven,Sevin,nsevinpr@shop-pro.jp,501-882-8793,false,Little Rock,AR,1/3/1959,0.968
929,Giuditta,Woodings,gwoodingsps@weather.com,617-658-7262,true,Boston,MA,9/14/1950,0.679
930,Fredericka,Kunzler,fkunzlerpt@reuters.com,814-659-2027,false,Erie,PA,12/24/1955,0.146
931,Walsh,Greenhead,wgreenheadpu@pen.io,408-881-3872,false,San Jose,CA,5/20/1955,0.281
932,Earlie,Feak,efeakpv@comcast.net,941-552-0181,true,Bradenton,FL,7/25/1963,0.072
933,Vivie,Stembridge,vstembridgepw@issuu.com,361-627-5921,false,Corpus Christi,TX,1/3/1991,0.666
934,Joni,Benesevich,jbenesevichpx@amazon.co.jp,619-796-1756,false,San Diego,CA,6/10/1969,0.414
935,Berky,Glidden,bgliddenpy@linkedin.com,304-197-7281,false,Charleston,WV,11/17/1971,0.287
936,Darb,Guthrum,dguthrumpz@geocities.com,817-211-9583,false,Arlington,TX,6/25/1982,0.849
937,Rollins,Briatt,rbriattq0@eepurl.com,314-123-5991,true,Saint Louis,MO,4/27/1954,0.183
938,Valli,Clemson,vclemsonq1@360.cn,323-661-9868,true,Los Angeles,CA,4/29/1982,0.511
939,Kenny,Castagnier,kcastagnierq2@paypal.com,816-606-4007,true,Kansas City,MO,2/27/2001,0.744
940,Max,Bostock,mbostockq3@furl.net,212-949-4987,false,New York City,NY,1/21/1981,0.335
941,Yancey,Lyndon,ylyndonq4@cloudflare.com,617-876-4948,true,Lynn,MA,6/10/1954,0.962
942,Michele,Garrison,mgarrisonq5@netlog.com,304-138-2393,false,Huntington,WV,4/7/1956,0.717
943,Sammy,Danielis,sdanielisq6@skype.com,202-955-9242,true,Washington,DC,6/2/1969,0.421
944,Marilee,Beatey,mbeateyq7@zimbio.com,254-433-8445,true,Temple,TX,4/10/1990,0.56
945,Cris,Bownes,cbownesq8@so-net.ne.jp,917-983-9187,true,Bronx,NY,8/12/1988,0.762
946,Jennie,Bellay,jbellayq9@google.ru,646-620-9961,false,New York City,NY,1/5/1966,0.937
947,Byrann,Sinisbury,bsinisburyqa@twitter.com,937-240-5742,true,Dayton,OH,6/22/1998,0.977
948,Bartholomew,Quirk,bquirkqb@woothemes.com,216-560-2767,true,Cleveland,OH,5/5/1996,0.202
949,Arie,McLaren,amclarenqc@hc360.com,469-846-9468,false,Dallas,TX,4/15/1975,0.971
950,Ogdon,Turnor,oturnorqd@4shared.com,312-812-0393,false,Chicago,IL,3/18/1971,0.227
951,Esmaria,Gowar,egowarqe@geocities.com,570-516-4810,true,Wilkes Barre,PA,10/1/1969,0.903
952,Cam,Darlington,cdarlingtonqf@symantec.com,907-923-1915,false,Fairbanks,AK,11/3/2000,0.947
953,Lindon,O'Noulane,lonoulaneqg@wunderground.com,505-196-6471,true,Albuquerque,NM,2/21/1962,0.559
954,Gaven,MacCook,gmaccookqh@boston.com,682-593-4667,false,Fort Worth,TX,1/19/1948,0.942
955,Grethel,Braam,gbraamqi@ucsd.edu,803-690-1621,true,Columbia,SC,10/21/1990,0.087
956,Reyna,Gunbie,rgunbieqj@unc.edu,309-370-5208,false,Peoria,IL,10/9/1977,0.907
957,Tatum,Surmeir,tsurmeirqk@sakura.ne.jp,702-201-3524,false,Las Vegas,NV,10/28/1990,0.476
958,Emmalynn,MacMaykin,emacmaykinql@facebook.com,915-597-7424,true,El Paso,TX,9/1/1955,0.558
959,Leeanne,Bloxholm,lbloxholmqm@webs.com,316-664-8247,true,Wichita,KS,2/28/2001,0.691
960,Tate,Bertwistle,tbertwistleqn@vinaora.com,480-670-0504,false,Phoenix,AZ,2/23/1949,0.416
961,Garrik,McGoldrick,gmcgoldrickqo@altervista.org,215-792-7535,true,Philadelphia,PA,11/24/1998,0.258
962,Janice,Blagbrough,jblagbroughqp@cbsnews.com,907-481-2865,true,Fairbanks,AK,3/10/1949,0.089
963,Gisele,Nolte,gnolteqq@goo.gl,412-232-4010,false,Pittsburgh,PA,12/11/1994,0.233
964,Merrill,Yon,myonqr@kickstarter.com,314-668-3660,true,Saint Louis,MO,11/15/1960,0.423
965,Burk,Tredinnick,btredinnickqs@amazon.co.jp,904-451-4426,true,Jacksonville,FL,12/8/1977,0.391
966,Ryun,Beers,rbeersqt@edublogs.org,215-447-1928,true,Philadelphia,PA,3/30/1964,0.99
967,Andeee,Yea,ayeaqu@admin.ch,941-850-7766,true,North Port,FL,6/30/1975,0.847
968,Amil,Addis,aaddisqv@vk.com,916-281-1253,false,Sacramento,CA,11/14/1956,0.692
969,Randolph,Lapwood,rlapwoodqw@msu.edu,216-327-1948,true,Cleveland,OH,12/24/1950,0.181
970,Olwen,Maus,omausqx@aboutads.info,812-876-1335,false,Evansville,IN,6/11/1956,0.089
971,Langsdon,Grutchfield,lgrutchfieldqy@webnode.com,616-540-8614,false,Grand Rapids,MI,3/19/1964,0.916
972,Leigh,MacClay,lmacclayqz@economist.com,617-468-3439,true,Boston,MA,2/18/1998,0.2
973,Ag,Killingworth,akillingworthr0@nbcnews.com,469-766-1736,true,Dallas,TX,5/29/1985,0.025
974,Jo-anne,Weldon,jweldonr1@jiathis.com,571-756-2759,true,Alexandria,VA,6/25/1995,0.83
975,Bertrando,Weyman,bweymanr2@google.co.uk,310-692-6529,true,Santa Ana,CA,7/12/1958,0.785
976,Agosto,Gentreau,agentreaur3@time.com,850-523-1205,true,Pensacola,FL,3/28/1983,0.495
977,Blithe,Crielly,bcriellyr4@1und1.de,816-256-0832,true,Kansas City,MO,3/7/1949,0.079
978,Neal,Wissbey,nwissbeyr5@wikipedia.org,410-349-3127,false,Laurel,MD,10/27/1957,0.851
979,Robenia,Benasik,rbenasikr6@mapy.cz,303-434-5257,false,Boulder,CO,8/28/1994,0.01
980,Merola,Cornall,mcornallr7@eventbrite.com,904-507-2824,false,Jacksonville,FL,1/29/1964,0.051
981,Nady,Marcussen,nmarcussenr8@answers.com,714-540-5136,true,Anaheim,CA,3/12/1948,0.809
982,Kellyann,Scola,kscolar9@go.com,773-164-4064,false,Chicago,IL,11/4/1947,0.683
983,Royall,Scading,rscadingra@pinterest.com,804-108-9627,false,Richmond,VA,7/4/1972,0.879
984,Berny,O'Donovan,bodonovanrb@usnews.com,512-551-2640,false,Austin,TX,1/17/1978,0.934
985,Bradford,McKenney,bmckenneyrc@163.com,520-841-8764,true,Tucson,AZ,7/8/1992,0.992
986,Suzanna,Merredy,smerredyrd@utexas.edu,203-815-7517,true,Danbury,CT,8/2/1998,0.383
987,Marvin,Tanby,mtanbyre@jiathis.com,863-643-9312,false,Lakeland,FL,2/27/1948,0.926
988,Melissa,Ziemke,mziemkerf@geocities.jp,803-128-5831,true,Columbia,SC,7/31/1988,0.694
989,Randa,Cattermull,rcattermullrg@sun.com,817-347-1786,true,Denton,TX,5/6/1999,0.613
990,Tamera,Mellish,tmellishrh@businesswire.com,979-751-1973,true,College Station,TX,4/10/1999,0.97
991,Sonia,Lidden,sliddenri@indiegogo.com,502-197-9225,true,Louisville,KY,4/8/1975,0.955
992,Adoree,Capron,acapronrj@vk.com,862-335-0521,false,Paterson,NJ,3/9/1965,0.2
993,Brett,Berdale,bberdalerk@posterous.com,352-949-3787,false,Ocala,FL,9/29/1990,0.111
994,Alisander,Priter,apriterrl@blog.com,504-929-5984,true,New Orleans,LA,2/23/1970,0.035
995,Fonz,Sheraton,fsheratonrm@netscape.com,661-573-2879,true,Bakersfield,CA,8/1/1965,0.185
996,Bryn,Caramuscia,bcaramusciarn@soup.io,619-637-9524,true,San Diego,CA,2/19/1957,0.967
997,Bronny,Sotheron,bsotheronro@angelfire.com,360-928-7491,false,Vancouver,WA,10/20/1951,0.102
998,Dudley,Beals,dbealsrp@histats.com,214-194-1832,false,Dallas,TX,12/3/1959,0.287
999,Nicolea,Reeds,nreedsrq@quantcast.com,713-130-2804,true,Houston,TX,8/23/1973,0.12
1000,Nathalie,Wisbey,nwisbeyrr@livejournal.com,617-703-4465,false,Boston,MA,11/10/2001,0.469
